Title,Note,URL,Comment
Xu's Public House 徐公館,,https://www.google.com/maps/place/Xu's+Public+House+%E5%BE%90%E5%85%AC%E9%A4%A8/data=!4m2!3m1!1s0x89c259ec7de5d24d:0x218bfedc7d4cf785,
Ribalta,,https://www.google.com/maps/place/Ribalta/data=!4m2!3m1!1s0x89c259990894b3c9:0x20fa57b88dc125c6,
Gotham Restaurant,,https://www.google.com/maps/place/Gotham+Restaurant/data=!4m2!3m1!1s0x89c25999ce85bd67:0x3d32c30c093bc099,
CICCIO Bar & Alimentari,,https://www.google.com/maps/place/CICCIO+Bar+%26+Alimentari/data=!4m2!3m1!1s0x89c2598d00689851:0x3b087cfebc7320ba,
Leon's Bagels,,https://www.google.com/maps/place/Leon's+Bagels/data=!4m2!3m1!1s0x89c25967b0b5a6d1:0x224d8dcf732be8f4,
Oven Lisboa,,https://www.google.com/maps/place/Oven+Lisboa/data=!4m2!3m1!1s0xd193555e8ef314b:0x2f6f0c750311c57c,
Le Bernardin,,https://www.google.com/maps/place/Le+Bernardin/data=!4m2!3m1!1s0x89c25947ea10b457:0x6548e99cd73a1e6b,
Mariage Freres,,https://www.google.com/maps/place/Mariage+Freres/data=!4m2!3m1!1s0x487604cc643e7ab5:0xd5897d07fd67d9a0,
BACARO,,https://www.google.com/maps/place/BACARO/data=!4m2!3m1!1s0xd19336bca90b11f:0x78d8b8df9f55b5fe,
Izcalli Antojeria,,https://www.google.com/maps/place/Izcalli+Antojeria/data=!4m2!3m1!1s0xd19353e9985f4cd:0xd4dae7077a7d9b0a,
MISTU,,https://www.google.com/maps/place/MISTU/data=!4m2!3m1!1s0xd24651e20cb5a6f:0x3908e8e25acf32b5,
Le Refuge de Solaise,,https://www.google.com/maps/place/Le+Refuge+de+Solaise/data=!4m2!3m1!1s0x47890962d29de65f:0xad21db9038f9de37,
Arctic Juice & Café,,https://www.google.com/maps/place/Arctic+Juice+%26+Caf%C3%A9/data=!4m2!3m1!1s0x47890bec20564bf1:0x156076541df9b488,
Restaurant La Petite Lulu,,https://www.google.com/maps/place/Restaurant+La+Petite+Lulu/data=!4m2!3m1!1s0x47897545b360ad65:0xe3f4f393038bd989,
Brasserie Le Garage,,https://www.google.com/maps/place/Brasserie+Le+Garage/data=!4m2!3m1!1s0x47890b29db4d113f:0x90cbf9a708e89619,
Cantinho do Avillez - Cascais,,https://www.google.com/maps/place/Cantinho+do+Avillez+-+Cascais/data=!4m2!3m1!1s0xd1ec5e04e23ac47:0x9693901577711da2,
Fortaleza do Guincho,,https://www.google.com/maps/place/Fortaleza+do+Guincho/data=!4m2!3m1!1s0xd1ec3767276eb3b:0x97c00114c04a3f6d,
Restaurant Gordon Ramsay,,https://www.google.com/maps/place/Restaurant+Gordon+Ramsay/data=!4m2!3m1!1s0x487605f0a8504091:0x95cc2f42ec47f8b4,
Cinnamon Club,,https://www.google.com/maps/place/Cinnamon+Club/data=!4m2!3m1!1s0x487604dcbaf70a7b:0x5ac9d64cad7e9dc3,
Mona Verde Lisboa,,https://www.google.com/maps/place/Mona+Verde+Lisboa/data=!4m2!3m1!1s0xd1933d2cf023213:0xa200ff7a0adc275d,
Sant' Eustachio Il Caffè,,https://www.google.com/maps/place/Sant'+Eustachio+Il+Caff%C3%A8/data=!4m2!3m1!1s0x132f604fd2bf8017:0x6549078ef8ffb2d8,
All'Antico Vinaio,,https://www.google.com/maps/place/All'Antico+Vinaio/data=!4m2!3m1!1s0x132f6123650c3c4d:0xe037d7e27a471c39,
Otello,,https://www.google.com/maps/place/Otello/data=!4m2!3m1!1s0x132f60477bad7269:0x9817fc42c77843b2,
L'Astore Masseria,,https://www.google.com/maps/place/L'Astore+Masseria/data=!4m2!3m1!1s0x1344186b4b50ef95:0x43fec7d9cfaa7d98,
Maison,,https://www.google.com/maps/place/Maison/data=!4m2!3m1!1s0x47e66db0fa3acdc1:0xdd7150d296d1d358,
Parcelles,,https://www.google.com/maps/place/Parcelles/data=!4m2!3m1!1s0x47e66f5d47c87bd3:0xa7bd623f79119493,
Il Grottino,,https://www.google.com/maps/place/Il+Grottino/data=!4m2!3m1!1s0x1347cb935f8a888b:0xef55f9a6dae9d8f4,
Martinucci Laboratory,,https://www.google.com/maps/place/Martinucci+Laboratory/data=!4m2!3m1!1s0x1347cb394d28c8b3:0x2dc94c63b118c7be,
Masseria Il Frantoio,,https://www.google.com/maps/place/Masseria+Il+Frantoio/data=!4m2!3m1!1s0x1346450368a17b03:0x507225f683406388,
Gelateria La Romana,,https://www.google.com/maps/place/Gelateria+La+Romana/data=!4m2!3m1!1s0x132f61e08c37da1d:0xa47132a7a5082628,
Osteria Nannarella,,https://www.google.com/maps/place/Osteria+Nannarella/data=!4m2!3m1!1s0x132f61e8881c2df3:0x219e0ff8b9b1ba94,
Elle Effe Restaurant,,https://www.google.com/maps/place/Elle+Effe+Restaurant/data=!4m2!3m1!1s0x132f604f642b63c5:0xdbc84701bd0f9038,
Borgo Antico Bistrot,,https://www.google.com/maps/place/Borgo+Antico+Bistrot/data=!4m2!3m1!1s0x1346435ec6573a6b:0xb8635f207a68e812,
Osteria da Fortunata,,https://www.google.com/maps/place/Osteria+da+Fortunata/data=!4m2!3m1!1s0x132f60458de1f227:0xe393531b25d31389,
Ristorante Grano,,https://www.google.com/maps/place/Ristorante+Grano/data=!4m2!3m1!1s0x132f6051cc76ed6f:0xb63a665cb94f3701,
Osteria Del Tempo Perso,,https://www.google.com/maps/place/Osteria+Del+Tempo+Perso/data=!4m2!3m1!1s0x13464357339e27e7:0x84f4c06de3d38ee1,
Osteria Ricanatti,,https://www.google.com/maps/place/Osteria+Ricanatti/data=!4m2!3m1!1s0x13464359837fc1db:0xe0d62f239d776eb6,
Nomade Ostuni,,https://www.google.com/maps/place/Nomade+Ostuni/data=!4m2!3m1!1s0x134647abdf32f061:0x954ea03d150056c3,
Ristorante Mamma Gina,,https://www.google.com/maps/place/Ristorante+Mamma+Gina/data=!4m2!3m1!1s0x132a51554a555079:0x8e8438fcd8b29bfb,
Gustapizza,,https://www.google.com/maps/place/Gustapizza/data=!4m2!3m1!1s0x132a5154f0202183:0xff4186d8f42cf7a0,
Ostro San Frediano,,https://www.google.com/maps/place/Ostro+San+Frediano/data=!4m2!3m1!1s0x132a57eebe123ea5:0x49cd934e86363d34,
Ristorante Pensavo Peggio,,https://www.google.com/maps/place/Ristorante+Pensavo+Peggio/data=!4m2!3m1!1s0x132a56abc9588dbb:0xa1498379d4ba360a,
Langosteria Café Milano,,https://www.google.com/maps/place/Langosteria+Caf%C3%A9+Milano/data=!4m2!3m1!1s0x4786c6af819e75d9:0xd6acecff8a777602,
Cuvée,,https://www.google.com/maps/place/Cuv%C3%A9e/data=!4m2!3m1!1s0x4786c7496c581b79:0xf934dfd9eb279a6c,
Coffee House,,https://www.google.com/maps/place/Coffee+House/data=!4m2!3m1!1s0x4786c3a9db33cc91:0x6f6333a7fd0985bf,
e/n enoteca naturale,,https://www.google.com/maps/place/e%2Fn+enoteca+naturale/data=!4m2!3m1!1s0x4786c53f089b5951:0x5275558a6b12c47f,
Tannico Wine Bar,,https://www.google.com/maps/place/Tannico+Wine+Bar/data=!4m2!3m1!1s0x4786c3ce46a0b2f5:0x1c5df633055a0001,
Trattoria San Giacomo,,https://www.google.com/maps/place/Trattoria+San+Giacomo/data=!4m2!3m1!1s0x478418002b468dfb:0x80c9f950d947ad30,
La Lanterna Bellagio,,https://www.google.com/maps/place/La+Lanterna+Bellagio/data=!4m2!3m1!1s0x47841800214b8923:0xb19d972703975301,
B-Lake Restaurant Bellagio,,https://www.google.com/maps/place/B-Lake+Restaurant+Bellagio/data=!4m2!3m1!1s0x4784175b2df8708d:0x7b4ba2f6411c080,
Dispensa 63,,https://www.google.com/maps/place/Dispensa+63/data=!4m2!3m1!1s0x4784171ad3e15979:0xb2abeb7135088ab6,
charcuterie française chez Fred,,https://www.google.com/maps/place/charcuterie+fran%C3%A7aise+chez+Fred/data=!4m2!3m1!1s0xd1933667921d593:0xf6e5a1e33d517b47,
RED NOSE / natural wine bar & merceria,,https://www.google.com/maps/place/RED+NOSE+%2F+natural+wine+bar+%26+merceria/data=!4m2!3m1!1s0xd1933819850dce7:0xece519a2cf490cb4,
Winelivery PoP,,https://www.google.com/maps/place/Winelivery+PoP/data=!4m2!3m1!1s0x4786c32cbc457bc1:0x7604c58512e2e5d9,
Rivoire,,https://www.google.com/maps/place/Rivoire/data=!4m2!3m1!1s0x132a54005628c53d:0x82c4ea1b14564bfc,
Il Santino,,https://www.google.com/maps/place/Il+Santino/data=!4m2!3m1!1s0x132a56ab50fbee5f:0x87b9d4e4eeb6a0fb,
Trattoria Dall'Oste,,https://www.google.com/maps/place/Trattoria+Dall'Oste/data=!4m2!3m1!1s0x132a55998dc0939f:0x753516363d3e3f3c,
Buchetta del Vino,,https://www.google.com/maps/place/Buchetta+del+Vino/data=!4m2!3m1!1s0x132a5707414d5155:0xc38b6fb0d00a27d,
Ristorante Le Muse Milano,,https://www.google.com/maps/place/Ristorante+Le+Muse+Milano/data=!4m2!3m1!1s0x4786c1bd39c53569:0x78fca1ae3b8cb274,
Ristorante Le Regioni,,https://www.google.com/maps/place/Ristorante+Le+Regioni/data=!4m2!3m1!1s0x4786c12d7c652371:0x6b632500e8186502,
Bosco Verticale Restaurant,,https://www.google.com/maps/place/Bosco+Verticale+Restaurant/data=!4m2!3m1!1s0x4786c6d2cab93d85:0xf8e3dd2d43330425,
Trattoria de la Trebia Milano,,https://www.google.com/maps/place/Trattoria+de+la+Trebia+Milano/data=!4m2!3m1!1s0x4786c42326506c45:0xf9514b12d811de94,
Da Tuccino,,https://www.google.com/maps/place/Da+Tuccino/data=!4m2!3m1!1s0x1347cbe35d7c8fa1:0x89a8adb882da3262,
La Locanda Porta Picc,,https://www.google.com/maps/place/La+Locanda+Porta+Picc/data=!4m2!3m1!1s0x1347cb936008520f:0x1d41031c0ffb8ac1,
Terrazze Monachile,,https://www.google.com/maps/place/Terrazze+Monachile/data=!4m2!3m1!1s0x1347cbb41051dd89:0x897f9774c6f2001a,
Il Gatto Nero,,https://www.google.com/maps/place/Il+Gatto+Nero/data=!4m2!3m1!1s0x4784277df0c898dd:0xde7726a2424f6e57,
Da Giacomo,,https://www.google.com/maps/place/Da+Giacomo/data=!4m2!3m1!1s0x4786c6981a3f85b7:0x793e932c46db66c8,
N'Ombra de Vin,,https://www.google.com/maps/place/N'Ombra+de+Vin/data=!4m2!3m1!1s0x4786c6b4bf1424a5:0x8632328c3522d284,
Pastry Confectionery Massimo 1970,,https://www.google.com/maps/place/Pastry+Confectionery+Massimo+1970/data=!4m2!3m1!1s0x4786c41bdedfe0d9:0x98c09133f67c9a13,
Osteria del Corso,,https://www.google.com/maps/place/Osteria+del+Corso/data=!4m2!3m1!1s0x4786c14a4fee16b7:0xd0495cb6c5aa0f63,
DVCA,,https://www.google.com/maps/place/DVCA/data=!4m2!3m1!1s0x4786c1daab64364b:0xba6b390c31e82528,
La Terrazza Lake Como,,https://www.google.com/maps/place/La+Terrazza+Lake+Como/data=!4m2!3m1!1s0x4784180125bc6795:0x14dcc06104fb3d93,
Blue Restaurant & Bar,,https://www.google.com/maps/place/Blue+Restaurant+%26+Bar/data=!4m2!3m1!1s0xd19337979eb8eaf:0x169b3575ef581d2b,
Syra Coffee - Atocha,,https://www.google.com/maps/place/Syra+Coffee+-+Atocha/data=!4m2!3m1!1s0xd4227f790499eb3:0xfe28f68744203989,
Golden Poppy,,https://www.google.com/maps/place/Golden+Poppy/data=!4m2!3m1!1s0x47e66f932e966599:0x1c8327f7d68f7ba,
Espaço 20 Lounge Coffee & Food,,https://www.google.com/maps/place/Espa%C3%A7o+20+Lounge+Coffee+%26+Food/data=!4m2!3m1!1s0xd1eca61f7b13021:0x69b6ec7a5ae7317c,
Irmão,,https://www.google.com/maps/place/Irm%C3%A3o/data=!4m2!3m1!1s0xd1eb566116dad47:0xec67332c103e8499,
Pomme Eatery,,https://www.google.com/maps/place/Pomme+Eatery/data=!4m2!3m1!1s0xd19336e86629657:0xc3931648e3175b5d,
Âmago,,https://www.google.com/maps/place/%C3%82mago/data=!4m2!3m1!1s0xd193337034aeef9:0xb5a07c4bea15e31f,
Pepe Nero Restaurant,,https://www.google.com/maps/place/Pepe+Nero+Restaurant/data=!4m2!3m1!1s0xdafee411fbf5579:0xd253bfadb63c60d4,
Restaurant Marrakech - Terrasse des épices,,https://www.google.com/maps/place/Restaurant+Marrakech+-+Terrasse+des+%C3%A9pices/data=!4m2!3m1!1s0xdafef44ee9fb04b:0xf823448991680327,
Grand Café de la Poste,,https://www.google.com/maps/place/Grand+Caf%C3%A9+de+la+Poste/data=!4m2!3m1!1s0xdafee8c2727265d:0x9753d84d142facb9,
Hotel La Maison Arabe,,https://www.google.com/maps/place/Hotel+La+Maison+Arabe/data=!4m2!3m1!1s0xdafee617832e24f:0x404f3ecf0e966e86,
Al Fassia Guéliz,,https://www.google.com/maps/place/Al+Fassia+Gu%C3%A9liz/data=!4m2!3m1!1s0xdafee8fd408f4bd:0xff13680d10da8679,
Amal Hope Hotel,,https://www.google.com/maps/place/Amal+Hope+Hotel/data=!4m2!3m1!1s0xdafee438f84df1b:0x7bc48c1e8d4b548b,
Nomad,,https://www.google.com/maps/place/Nomad/data=!4m2!3m1!1s0xdafee42094a4f09:0xd73943db8d0a0e50,
Mandala Society,,https://www.google.com/maps/place/Mandala+Society/data=!4m2!3m1!1s0xdafefbea24b315f:0x3048a00dada51646,
L'mida Marrakech,,https://www.google.com/maps/place/L'mida+Marrakech/data=!4m2!3m1!1s0xdafef74e2a4cfef:0xe304add99b2cc6b,
Toro Toro Marrakech,,https://www.google.com/maps/place/Toro+Toro+Marrakech/data=!4m2!3m1!1s0xdafef1e50a552d3:0xdf9065ce03c733ac,
Sahbi Sahbi,,https://www.google.com/maps/place/Sahbi+Sahbi/data=!4m2!3m1!1s0xdafefb620a77aaf:0xeafaa91380b557ae,
Osteria del Treno,,https://www.google.com/maps/place/Osteria+del+Treno/data=!4m2!3m1!1s0x4786c6c5f9604327:0xbb7269cdf1051d02,
Via Graça,,https://www.google.com/maps/place/Via+Gra%C3%A7a/data=!4m2!3m1!1s0xd193388b5f684d1:0xdf1940ada2503164,
Boavista Social Club,,https://www.google.com/maps/place/Boavista+Social+Club/data=!4m2!3m1!1s0xd19351b42e2295f:0x75995d4194f894a1,
Ponto Final,,https://www.google.com/maps/place/Ponto+Final/data=!4m2!3m1!1s0xd1ecad6ef88dbb1:0xb810f2f1726bd837,
Zeb,,https://www.google.com/maps/place/Zeb/data=!4m2!3m1!1s0x132a53f9af15a72f:0xd60669b835b280d9,
Vini E Vecchi Sapori,,https://www.google.com/maps/place/Vini+E+Vecchi+Sapori/data=!4m2!3m1!1s0x132a540123c5f201:0xbf4523db4ba3ff9a,
Flavio al Velavevodetto,,https://www.google.com/maps/place/Flavio+al+Velavevodetto/data=!4m2!3m1!1s0x132f602ef70ada21:0xb054a466720f87de,
XS Lounge Beach Bar,,https://www.google.com/maps/place/XS+Lounge+Beach+Bar/data=!4m2!3m1!1s0xd1ecbcccdf73c99:0xf797d306cece857f,
Selma,,https://www.google.com/maps/place/Selma/data=!4m2!3m1!1s0x4652539fa22b1fe1:0xec54a0bf99e6f09a,
Barabba,,https://www.google.com/maps/place/Barabba/data=!4m2!3m1!1s0x465253185b416dd9:0x27c5b281a568f474,
Ved Stranden 10,,https://www.google.com/maps/place/Ved+Stranden+10/data=!4m2!3m1!1s0x46525316f0150517:0xcb4921e222704489,
Chiostro del Bramante,,https://www.google.com/maps/place/Chiostro+del+Bramante/data=!4m2!3m1!1s0x132f605ab3e60d65:0x9198ba5ba2f1741a,
Matto Matto Pizzeria Grill Ristorante,,https://www.google.com/maps/place/Matto+Matto+Pizzeria+Grill+Ristorante/data=!4m2!3m1!1s0x132a55d599de097d:0xef33f812dcb6a5eb,
Babae,,https://www.google.com/maps/place/Babae/data=!4m2!3m1!1s0x132a572e70f15969:0xc7ad6eeaa122b2d6,
Il Vezzo,,https://www.google.com/maps/place/Il+Vezzo/data=!4m2!3m1!1s0x132a541cd66b3293:0x69d2150a752275ba,
Trattoria Zà Zà,,https://www.google.com/maps/place/Trattoria+Z%C3%A0+Z%C3%A0/data=!4m2!3m1!1s0x132a5402d00127a1:0x7dce7c39fd84cb3b,
Buca Poldo,,https://www.google.com/maps/place/Buca+Poldo/data=!4m2!3m1!1s0x132a540050007431:0x124d61db12ddf321,
La Loggia del Piazzale Michelangelo,,https://www.google.com/maps/place/La+Loggia+del+Piazzale+Michelangelo/data=!4m2!3m1!1s0x132a53f456c43f21:0x6425d4a1a5018bf3,
SALSA&LOURO,,https://www.google.com/maps/place/SALSA%26LOURO/data=!4m2!3m1!1s0xd1ed74f50d784d5:0xb20bd22d32cc75da,
Le Comptoir,,https://www.google.com/maps/place/Le+Comptoir/data=!4m2!3m1!1s0x80c2b882b4078b1f:0xc34eb079f9f89689,
A.O.C.,,https://www.google.com/maps/place/A.O.C./data=!4m2!3m1!1s0x80c2b936c5b2a55f:0xa50015511555f764,
Majordomo,,https://www.google.com/maps/place/Majordomo/data=!4m2!3m1!1s0x80c2c6611b681927:0x29fe8bed454c7cae,
Sqirl,,https://www.google.com/maps/place/Sqirl/data=!4m2!3m1!1s0x80c2c744c4fe7f0d:0x2a1c8fb7ecf1ac7f,
Petit Trois,,https://www.google.com/maps/place/Petit+Trois/data=!4m2!3m1!1s0x80c2b8d33ce3dcc9:0xb0a9252822b856f6,
Osteria Mozza,,https://www.google.com/maps/place/Osteria+Mozza/data=!4m2!3m1!1s0x80c2b8d31229a705:0x5aa28813c05e3cf1,
Felix Trattoria,,https://www.google.com/maps/place/Felix+Trattoria/data=!4m2!3m1!1s0x80c2bac7a7e23c79:0x822cb0458cd867ff,
Lastage,,https://www.google.com/maps/place/Lastage/data=!4m2!3m1!1s0x47c609b97fe10dcf:0x4c031bc0cc44e734,
THE DUCHESS,,https://www.google.com/maps/place/THE+DUCHESS/data=!4m2!3m1!1s0x47c609c6a8c8744b:0x749346f9c03b032b,
Foodhallen,,https://www.google.com/maps/place/Foodhallen/data=!4m2!3m1!1s0x47c609e0111663b5:0x1d465a7fcd7bf5ec,
Ciel Bleu,,https://www.google.com/maps/place/Ciel+Bleu/data=!4m2!3m1!1s0x47c6098b108b3a33:0xc022b578b50e9b69,
White room Paris,,https://www.google.com/maps/place/White+room+Paris/data=!4m2!3m1!1s0x47c5b5f3106da30b:0xaafa00bf42a9f227,
Restaurant Vermeer,,https://www.google.com/maps/place/Restaurant+Vermeer/data=!4m2!3m1!1s0x47c609b9ce4afb43:0x1882bfb0fe62ac60,
BREDA,,https://www.google.com/maps/place/BREDA/data=!4m2!3m1!1s0x47c609c423b6fd47:0x3401e66d7be412da,
Choux,,https://www.google.com/maps/place/Choux/data=!4m2!3m1!1s0x47c609b065679657:0x7c6de4b843954886,
Restaurant Daalder*,,https://www.google.com/maps/place/Restaurant+Daalder*/data=!4m2!3m1!1s0x47c609ce4b6cadbb:0xf571f6937acd3bf4,
Taveggia 1909,,https://www.google.com/maps/place/Taveggia+1909/data=!4m2!3m1!1s0x4786c6a4479b017d:0x5bf1a663d4f1d3a1,
Picasso Cafe' Piccolo Ristorante,,https://www.google.com/maps/place/Picasso+Cafe'+Piccolo+Ristorante/data=!4m2!3m1!1s0x4786c204115cc387:0x5bd1c0b3bbbd38ec,
La Vecchia Lira,,https://www.google.com/maps/place/La+Vecchia+Lira/data=!4m2!3m1!1s0x4786c13591159499:0x96c1030268958129,
Trattoria La Pesa dal 1902,,https://www.google.com/maps/place/Trattoria+La+Pesa+dal+1902/data=!4m2!3m1!1s0x4786c183c59f456d:0x412b7aee672da99e,
La Libera,,https://www.google.com/maps/place/La+Libera/data=!4m2!3m1!1s0x4786c14a510cea91:0xdd1b87622deebfc7,
Giannino dal 1899,,https://www.google.com/maps/place/Giannino+dal+1899/data=!4m2!3m1!1s0x4786c6c8b5b9d243:0xb2096fe37a883d93,
Il Luogo di Aimo e Nadia,,https://www.google.com/maps/place/Il+Luogo+di+Aimo+e+Nadia/data=!4m2!3m1!1s0x4786c22b8d2baaf5:0xceda59dce55d460f,
Hugos Manly,,https://www.google.com/maps/place/Hugos+Manly/data=!4m2!3m1!1s0x6b12ab0b829e4713:0xc669a4ecc15b0f71,
Cantina OK!,,https://www.google.com/maps/place/Cantina+OK!/data=!4m2!3m1!1s0x6b12affdc9770bf9:0x465358bb48e6d900,
Cafe Sydney,,https://www.google.com/maps/place/Cafe+Sydney/data=!4m2!3m1!1s0x6b12ae12036ba839:0x9639644389a79388,
A Tavola Darlinghurst,,https://www.google.com/maps/place/A+Tavola+Darlinghurst/data=!4m2!3m1!1s0x6b12ae11e2eeeeb7:0xb564ad799666ab6f,
Firedoor Restaurant,,https://www.google.com/maps/place/Firedoor+Restaurant/data=!4m2!3m1!1s0x6b12ae22808fb6c5:0xcaa68a28a42053bd,
Restaurant Hubert,,https://www.google.com/maps/place/Restaurant+Hubert/data=!4m2!3m1!1s0x6b12ae6a74919f17:0xa44a2ebe1f7fb3e6,
Chiswick Woollahra,,https://www.google.com/maps/place/Chiswick+Woollahra/data=!4m2!3m1!1s0x6b12ade4a5db2839:0x63a9282f31c908ee,
Spice Temple,,https://www.google.com/maps/place/Spice+Temple/data=!4m2!3m1!1s0x6b12ae6a791ca173:0xe833d7388f401598,
North Bondi Fish,,https://www.google.com/maps/place/North+Bondi+Fish/data=!4m2!3m1!1s0x6b12ad75afbb43ef:0xa707a266dbfaca26,
Dead Ringer,,https://www.google.com/maps/place/Dead+Ringer/data=!4m2!3m1!1s0x6b12ae1a21d9a9a7:0xb3944c0efc821fe4,
NOMAD Sydney,,https://www.google.com/maps/place/NOMAD+Sydney/data=!4m2!3m1!1s0x6b12ae1807952857:0xe0e713d3907f19bd,
Chin Chin,,https://www.google.com/maps/place/Chin+Chin/data=!4m2!3m1!1s0x6b12ae17fa74efeb:0xc3c87fae23db3260,
Icebergs Dining Room and Bar,,https://www.google.com/maps/place/Icebergs+Dining+Room+and+Bar/data=!4m2!3m1!1s0x6b12ad9caaad9a9f:0xc8b511990ef407f1,
Continental Deli Bar Bistro,,https://www.google.com/maps/place/Continental+Deli+Bar+Bistro/data=!4m2!3m1!1s0x6b12b1dfaa3303fb:0x55e195b8e10b3f6d,
Sixpenny,,https://www.google.com/maps/place/Sixpenny/data=!4m2!3m1!1s0x6b12b03de889f8e3:0x62ca2b7f737150eb,
Mr. Wong,,https://www.google.com/maps/place/Mr.+Wong/data=!4m2!3m1!1s0x6b12ae418386604f:0xfebe0e5a084db460,
Saint Peter,,https://www.google.com/maps/place/Saint+Peter/data=!4m2!3m1!1s0x6b12ae065a1be5f7:0xde7423a2b454d86b,
Ester Restaurant,,https://www.google.com/maps/place/Ester+Restaurant/data=!4m2!3m1!1s0x6b12b1d87a6167ed:0xc6a1baea43fb87cc,
Aria Restaurant Sydney,,https://www.google.com/maps/place/Aria+Restaurant+Sydney/data=!4m2!3m1!1s0x6b12ae67d5541c77:0x8af817cc7e3857d7,
Trattoria Da Teo,,https://www.google.com/maps/place/Trattoria+Da+Teo/data=!4m2!3m1!1s0x132f603605b4832b:0x808715d4979c0828,
Kabuki Lisboa,,https://www.google.com/maps/place/Kabuki+Lisboa/data=!4m2!3m1!1s0xd1933a3e4db0ad3:0xbb5c341858265f44,
Il Caminetto,,https://www.google.com/maps/place/Il+Caminetto/data=!4m2!3m1!1s0x5487234b58fb840f:0xb2398c06ea99fb5,
Cinnamon Bear Bar & Grille,,https://www.google.com/maps/place/Cinnamon+Bear+Bar+%26+Grille/data=!4m2!3m1!1s0x5487234b167bd8b9:0xa2065bd2897ed17c,
21 Steps Kitchen + Bar,,https://www.google.com/maps/place/21+Steps+Kitchen+%2B+Bar/data=!4m2!3m1!1s0x5487234ca5309417:0xe4839f7739e6c251,
Alta Bistro,,https://www.google.com/maps/place/Alta+Bistro/data=!4m2!3m1!1s0x54873cb375e93ebb:0xd4759ee28af2a9e1,
Quattro Restaurant,,https://www.google.com/maps/place/Quattro+Restaurant/data=!4m2!3m1!1s0x54873cb375e93ebb:0x3670c6c0b5ba150d,
Araxi Restaurant & Oyster Bar,,https://www.google.com/maps/place/Araxi+Restaurant+%26+Oyster+Bar/data=!4m2!3m1!1s0x54873cb355260f67:0x7bcff1f79b909083,
Bearfoot Bistro,,https://www.google.com/maps/place/Bearfoot+Bistro/data=!4m2!3m1!1s0x5487234b49e7a797:0x42972471b013c697,
Vij's,,https://www.google.com/maps/place/Vij's/data=!4m2!3m1!1s0x548673b8a6d78a01:0x3f109450f359f236,
Chancho Tortilleria,,https://www.google.com/maps/place/Chancho+Tortilleria/data=!4m2!3m1!1s0x548673d402d0fb17:0xd931be35f41f642b,
Fat Mao Noodles (Chinatown),,https://www.google.com/maps/place/Fat+Mao+Noodles+(Chinatown)/data=!4m2!3m1!1s0x5486716ffe8a24a3:0xc51a1f073759425a,
Bao Bei,,https://www.google.com/maps/place/Bao+Bei/data=!4m2!3m1!1s0x548671700e35ca59:0x9775faaebdc68c58,
Kevin & Kevin Juice Bar & Cocktail Lounge,,https://www.google.com/maps/place/Kevin+%26+Kevin+Juice+Bar+%26+Cocktail+Lounge/data=!4m2!3m1!1s0x548671fc4366d2d5:0x5534d8dbfff3f741,
The Mackenzie Room,,https://www.google.com/maps/place/The+Mackenzie+Room/data=!4m2!3m1!1s0x54867173d2fa819b:0x491d4e0b9b1f1bfe,
Hawksworth Restaurant,,https://www.google.com/maps/place/Hawksworth+Restaurant/data=!4m2!3m1!1s0x54867486f2c00049:0x8c4bde51dd6781fc,
Joe Fortes Seafood & Chop House,,https://www.google.com/maps/place/Joe+Fortes+Seafood+%26+Chop+House/data=!4m2!3m1!1s0x5486718058084c89:0x3ff942ff93b7a1cc,
Earls Kitchen + Bar,,https://www.google.com/maps/place/Earls+Kitchen+%2B+Bar/data=!4m2!3m1!1s0x54867180c1ab7dd9:0x11e6a973af4ac8a8,
BOTANIST,,https://www.google.com/maps/place/BOTANIST/data=!4m2!3m1!1s0x54867183094e8525:0x8e02be43bea945ae,
EL&N Gae Aulenti,,https://www.google.com/maps/place/EL%26N+Gae+Aulenti/data=!4m2!3m1!1s0x4786c1e405fcf5b7:0x923182f549d9aa4d,
La Gioia,,https://www.google.com/maps/place/La+Gioia/data=!4m2!3m1!1s0x4786c72cfe0dd087:0x8c9994bf66dafda5,
Terrazza Aperol,,https://www.google.com/maps/place/Terrazza+Aperol/data=!4m2!3m1!1s0x4786c6ae86688ba9:0xf033345e828dccc6,
Marchesi 1824,,https://www.google.com/maps/place/Marchesi+1824/data=!4m2!3m1!1s0x4786c6addf0f2943:0x6ca1e9b7c7e3b2e7,
Giacomo Arengario,,https://www.google.com/maps/place/Giacomo+Arengario/data=!4m2!3m1!1s0x4786c6aea4d499c1:0x74fe10b265bf26a3,
La Bottega di Gio,,https://www.google.com/maps/place/La+Bottega+di+Gio/data=!4m2!3m1!1s0xd22f90216630285:0x97ec509d35ff728,
Carmo,,https://www.google.com/maps/place/Carmo/data=!4m2!3m1!1s0xd19347f39106689:0x6610bab5f02509da,
Catch me Lisboa,,https://www.google.com/maps/place/Catch+me+Lisboa/data=!4m2!3m1!1s0xd19356db41b9ca9:0x91f555a0e9d426bb,
Cobaia,,https://www.google.com/maps/place/Cobaia/data=!4m2!3m1!1s0xd1933111a4d9bd9:0xb8a73ea82c825fd,
Chambar Restaurant,,https://www.google.com/maps/place/Chambar+Restaurant/data=!4m2!3m1!1s0x5486717be8486bab:0xd14b5c9fbf94a205,
El Techo,,https://www.google.com/maps/place/El+Techo/data=!4m2!3m1!1s0x808f7e3eb7fd8a69:0x4963034551042156,
Papalote,,https://www.google.com/maps/place/Papalote/data=!4m2!3m1!1s0x808f7e408639c109:0x5e2572656b1365d0,
Beretta,,https://www.google.com/maps/place/Beretta/data=!4m2!3m1!1s0x808f7e3f7314ea1d:0x7ac33881798711f4,
Trick Dog,,https://www.google.com/maps/place/Trick+Dog/data=!4m2!3m1!1s0x808f7e373fb8cf15:0x1c67d1b3579cae7f,
Atlas Cafe,,https://www.google.com/maps/place/Atlas+Cafe/data=!4m2!3m1!1s0x808f7e376a89427b:0x201b8c1f186aa9fc,
Dandelion Chocolate,,https://www.google.com/maps/place/Dandelion+Chocolate/data=!4m2!3m1!1s0x808f7e3d23f5dddd:0x3342559449ab0793,
Salt & Straw,,https://www.google.com/maps/place/Salt+%26+Straw/data=!4m2!3m1!1s0x808580a25b09718f:0x53cd2bf0f7e5e007,
Trestle Restaurant,,https://www.google.com/maps/place/Trestle+Restaurant/data=!4m2!3m1!1s0x808580f4d6db7e5d:0xffdcfce353003dbc,
Cotogna,,https://www.google.com/maps/place/Cotogna/data=!4m2!3m1!1s0x808580f5182f4603:0x355bdd340d9a7979,
Serafina,,https://www.google.com/maps/place/Serafina/data=!4m2!3m1!1s0x80858131ddba428f:0x4d17c986fe3b1f6b,
Amelie San Francisco,,https://www.google.com/maps/place/Amelie+San+Francisco/data=!4m2!3m1!1s0x808580ebaabec1f3:0x283fc1a62f4b8ed,
Hot Cookie,,https://www.google.com/maps/place/Hot+Cookie/data=!4m2!3m1!1s0x808f7e1b5691119d:0x5c044c636d8067f2,
Bowl'd Acai,,https://www.google.com/maps/place/Bowl'd+Acai/data=!4m2!3m1!1s0x80858084329cfd05:0xda97bd20d742592,
Cocotte,,https://www.google.com/maps/place/Cocotte/data=!4m2!3m1!1s0x808580ec75c4e831:0x2525801a3168f415,
Chouquet's,,https://www.google.com/maps/place/Chouquet's/data=!4m2!3m1!1s0x808580c5e568283b:0xcd6c5c657f1b9ab8,
Wrecking Ball Coffee Roasters,,https://www.google.com/maps/place/Wrecking+Ball+Coffee+Roasters/data=!4m2!3m1!1s0x808580d06b09e6e7:0x168b00cb6d6daa2,
The Brixton,,https://www.google.com/maps/place/The+Brixton/data=!4m2!3m1!1s0x808580da97ba4eaf:0x73cdf5a0dd003707,
Blue Barn,,https://www.google.com/maps/place/Blue+Barn/data=!4m2!3m1!1s0x808580e84b662acf:0x2c17c562732c78e7,
State Bird Provisions,,https://www.google.com/maps/place/State+Bird+Provisions/data=!4m2!3m1!1s0x808580b9a406b943:0x696de890da9ee029,
The Progress,,https://www.google.com/maps/place/The+Progress/data=!4m2!3m1!1s0x808580b9a3e835f3:0xd1e4dd4d58be86b6,
Che Fico,,https://www.google.com/maps/place/Che+Fico/data=!4m2!3m1!1s0x808580b04c6f5f6b:0x1b696f519a355c,
Caffe Reggio,,https://www.google.com/maps/place/Caffe+Reggio/data=!4m2!3m1!1s0x89c25991817682af:0xc21f1f85a7b96c03,
Bread Story,,https://www.google.com/maps/place/Bread+Story/data=!4m2!3m1!1s0x89c259889d99ceff:0x47487a974a86fa97,
Punjabi Deli,,https://www.google.com/maps/place/Punjabi+Deli/data=!4m2!3m1!1s0x89c25983ba146d29:0xf130988149a241e1,
Champion Pizza - Soho,,https://www.google.com/maps/place/Champion+Pizza+-+Soho/data=!4m2!3m1!1s0x89c25988dc90e369:0x918de7164aa03ab5,
Bar Veloce,,https://www.google.com/maps/place/Bar+Veloce/data=!4m2!3m1!1s0x89c259be3a90f36d:0x8f6e78d23803e0d2,
Virginia's,,https://www.google.com/maps/place/Virginia's/data=!4m2!3m1!1s0x89c259772ce59555:0xa46a052ccc7757f5,
Rosie's,,https://www.google.com/maps/place/Rosie's/data=!4m2!3m1!1s0x89c25984eec1d165:0x6a8d9d07081e282f,
David's Café,,https://www.google.com/maps/place/David's+Caf%C3%A9/data=!4m2!3m1!1s0x89c2599d6a91907f:0x71df1ffba1fcfab3,
Hearth,,https://www.google.com/maps/place/Hearth/data=!4m2!3m1!1s0x89c2599df9743641:0x40179556d46f5f86,
Uncle Paul's Pizza NY,,https://www.google.com/maps/place/Uncle+Paul's+Pizza+NY/data=!4m2!3m1!1s0x89c258fdfcdd133f:0x851202204ae1327f,
Puglia,,https://www.google.com/maps/place/Puglia/data=!4m2!3m1!1s0x89c259882cdce97d:0xbe53453a85793558,
Dominique Ansel Bakery,,https://www.google.com/maps/place/Dominique+Ansel+Bakery/data=!4m2!3m1!1s0x89c2598c5a8e423f:0x501f1a0240e2f39a,
Mariebelle,,https://www.google.com/maps/place/Mariebelle/data=!4m2!3m1!1s0x89c2598b899d16d3:0x11f5d691848a96a8,
Lil' Frankie's,,https://www.google.com/maps/place/Lil'+Frankie's/data=!4m2!3m1!1s0x89c2599ca896632b:0x9dbf2b8905ef656,
Gotan,,https://www.google.com/maps/place/Gotan/data=!4m2!3m1!1s0x89c259f5545ef789:0x1fa15cd45dc52194,
Pardon My French,,https://www.google.com/maps/place/Pardon+My+French/data=!4m2!3m1!1s0x89c25978239229b5:0x3117973dd4d9d369,
Indian dosa - Saldanha Residence,,https://www.google.com/maps/place/Indian+dosa+-+Saldanha+Residence/data=!4m2!3m1!1s0xd193343cf340c9d:0xf305172e1cf8beb8,
Las Dos Manos,,https://www.google.com/maps/place/Las+Dos+Manos/data=!4m2!3m1!1s0xd1933eb9e7b8b7f:0x293fba2f770c8f38,
Rosamar,,https://www.google.com/maps/place/Rosamar/data=!4m2!3m1!1s0xd1933d2e4f51a3b:0xab57ee6452b12766,
Acaso,,https://www.google.com/maps/place/Acaso/data=!4m2!3m1!1s0xd1935e04cc58a73:0xfe32ba4597e307ae,
Faz Frio,,https://www.google.com/maps/place/Faz+Frio/data=!4m2!3m1!1s0xd19337f72a1bc93:0xafe6df96f5eaa807,
Bilmonte,,https://www.google.com/maps/place/Bilmonte/data=!4m2!3m1!1s0x487605051fbd5d89:0xd6a89cddf1d8ea0f,
Jamavar,,https://www.google.com/maps/place/Jamavar/data=!4m2!3m1!1s0x4876052c3d342c9b:0x653a39b09556da4d,
Christopher's,,https://www.google.com/maps/place/Christopher's/data=!4m2!3m1!1s0x487604ca50e09729:0x2691020bca18128d,
The Delaunay,,https://www.google.com/maps/place/The+Delaunay/data=!4m2!3m1!1s0x487605b13a03ae5d:0xae1464e156fc8208,
Ave Mario,,https://www.google.com/maps/place/Ave+Mario/data=!4m2!3m1!1s0x487605cb1cd6a4a1:0xa7a304e719d02d13,
Ikoyi Restaurant,,https://www.google.com/maps/place/Ikoyi+Restaurant/data=!4m2!3m1!1s0x487604d166820d93:0x718867b7c5412382,
The Barbary,,https://www.google.com/maps/place/The+Barbary/data=!4m2!3m1!1s0x487604cd283a0115:0x1fa90333af1e4c95,
Comptoir Gourmand,,https://www.google.com/maps/place/Comptoir+Gourmand/data=!4m2!3m1!1s0x48761bdff0a233a3:0xad701e7b0e60784e,
"Chestnut Bakery, Covent Garden",,"https://www.google.com/maps/place/Chestnut+Bakery,+Covent+Garden/data=!4m2!3m1!1s0x4876056cc026b6a1:0xf3d8c41b45c7f854",
"The Lamb & Flag, Covent Garden",,"https://www.google.com/maps/place/The+Lamb+%26+Flag,+Covent+Garden/data=!4m2!3m1!1s0x487604cc51d5fca9:0xa1757c8255eccbed",
The Cambridge,,https://www.google.com/maps/place/The+Cambridge/data=!4m2!3m1!1s0x487604d29f402af5:0x9530b64c6eeba9fc,
"The Round House, Covent Garden",,"https://www.google.com/maps/place/The+Round+House,+Covent+Garden/data=!4m2!3m1!1s0x487604cc48b2e1d9:0xa08ca044e25a179",
sketch,,https://www.google.com/maps/place/sketch/data=!4m2!3m1!1s0x4876052a8fed866b:0xb07500db019d0324,
Crème,,https://www.google.com/maps/place/Cr%C3%A8me/data=!4m2!3m1!1s0x4876051d65845cdb:0x9b5da15019fa960c,
Chez Fernand Christine,,https://www.google.com/maps/place/Chez+Fernand+Christine/data=!4m2!3m1!1s0x47e671df3b023afb:0x63579a6e7156dc99,
Tam,,https://www.google.com/maps/place/Tam/data=!4m2!3m1!1s0x47e671e390b19603:0x36f8a27837256442,
Bonjour Vietnam,,https://www.google.com/maps/place/Bonjour+Vietnam/data=!4m2!3m1!1s0x47e671ef4d8b94f7:0xf9f9072afb4568d,
Le Train Bleu,,https://www.google.com/maps/place/Le+Train+Bleu/data=!4m2!3m1!1s0x47e6721cacf6ebcd:0x1b31949fc986c062,
L'Atelier de Joël Robuchon,,https://www.google.com/maps/place/L'Atelier+de+Jo%C3%ABl+Robuchon/data=!4m2!3m1!1s0x47e66e29ff9e5353:0xecf5173df8e34d1e,
Café Cassette,,https://www.google.com/maps/place/Caf%C3%A9+Cassette/data=!4m2!3m1!1s0x47e671d0d1e0af73:0xd0ee0f749babc5df,
Brasserie Lutetia,,https://www.google.com/maps/place/Brasserie+Lutetia/data=!4m2!3m1!1s0x47e671987fc83e3b:0x7654f806b8e66e27,
Crêperie des Canettes,,https://www.google.com/maps/place/Cr%C3%AAperie+des+Canettes/data=!4m2!3m1!1s0x47e671d9ef0eac37:0xf9c7017faebbc0a2,
Le Récamier,,https://www.google.com/maps/place/Le+R%C3%A9camier/data=!4m2!3m1!1s0x47e671d6ae33bb57:0x638e9aefcc98a8e7,
Le Refuge du Passé,,https://www.google.com/maps/place/Le+Refuge+du+Pass%C3%A9/data=!4m2!3m1!1s0x47e671ed99950e6f:0xf6cfbd8e80122f01,
Au Pied de Cochon,,https://www.google.com/maps/place/Au+Pied+de+Cochon/data=!4m2!3m1!1s0x47e66e22674a0b41:0x3add2de5bc477885,
D'Chez Eux,,https://www.google.com/maps/place/D'Chez+Eux/data=!4m2!3m1!1s0x47e670263f2a386f:0xd1d5456cfc0602f0,
Les Fabricants,,https://www.google.com/maps/place/Les+Fabricants/data=!4m2!3m1!1s0x47e66de4eb1486ed:0x6b0688b8b8150db8,
Chettinad Restaurant,,https://www.google.com/maps/place/Chettinad+Restaurant/data=!4m2!3m1!1s0x48761b2c43161215:0xa7c159183ac6972c,
Islamorada Tapas Bar,,https://www.google.com/maps/place/Islamorada+Tapas+Bar/data=!4m2!3m1!1s0xd126d2c6d0348bb:0xa1a3cc687c3e0a65,
Restaurante La Malvaloca,,https://www.google.com/maps/place/Restaurante+La+Malvaloca/data=!4m2!3m1!1s0xd126decc8923c03:0x4cf46885db268dbd,
BuenTrago Alfalfa,,https://www.google.com/maps/place/BuenTrago+Alfalfa/data=!4m2!3m1!1s0xd126c1b1f07c00d:0x6b2f7f2c472cc1ef,
El Pasaje Santa María la Blanca,,https://www.google.com/maps/place/El+Pasaje+Santa+Mar%C3%ADa+la+Blanca/data=!4m2!3m1!1s0xd126c1c067df129:0x7eff573bb6bba54d,
The Couch Sports Bar,,https://www.google.com/maps/place/The+Couch+Sports+Bar/data=!4m2!3m1!1s0xd19347dd08193f3:0xb5b30d4a8dfcb1b4,
Little Myanmar,,https://www.google.com/maps/place/Little+Myanmar/data=!4m2!3m1!1s0x89c259ab96213da5:0x1a84c503118f0a61,
C&B,,https://www.google.com/maps/place/C%26B/data=!4m2!3m1!1s0x89c259781f18c8fb:0xeb30b64e5cf1d124,
Electric Burrito,,https://www.google.com/maps/place/Electric+Burrito/data=!4m2!3m1!1s0x89c2596e2ea06b97:0x88932bc92af52c34,
Veselka,,https://www.google.com/maps/place/Veselka/data=!4m2!3m1!1s0x89c2599c5ce21097:0x755d2ae66dc781a7,
uluh,,https://www.google.com/maps/place/uluh/data=!4m2!3m1!1s0x89c25976bbe022d1:0x91b483480644b923,
Veniero's Pasticceria & Caffe,,https://www.google.com/maps/place/Veniero's+Pasticceria+%26+Caffe/data=!4m2!3m1!1s0x89c2599dc00920ef:0x7ee3e090ffb18fd5,
Veeray da Dhaba,,https://www.google.com/maps/place/Veeray+da+Dhaba/data=!4m2!3m1!1s0x89c2590c51617f5d:0x3d630b394bf9505e,
Soothr,,https://www.google.com/maps/place/Soothr/data=!4m2!3m1!1s0x89c25923d7bca4d1:0x5bbeae84d9924f22,
IL Cortile,,https://www.google.com/maps/place/IL+Cortile/data=!4m2!3m1!1s0x89c25989d4000f39:0x7a438cf3464c8677,
Pasquale Jones,,https://www.google.com/maps/place/Pasquale+Jones/data=!4m2!3m1!1s0x89c25988c3a0e193:0x12d944df4c197f16,
Lombardi's,,https://www.google.com/maps/place/Lombardi's/data=!4m2!3m1!1s0x89c2598a1316e7a7:0xd8f10512fc3c4299,
Peasant,,https://www.google.com/maps/place/Peasant/data=!4m2!3m1!1s0x89c25986044472d1:0x48b8bd520ae023de,
Parm,,https://www.google.com/maps/place/Parm/data=!4m2!3m1!1s0x89c2598f45bc47cb:0x76b696d7f3823afb,
Emilio's Ballato,,https://www.google.com/maps/place/Emilio's+Ballato/data=!4m2!3m1!1s0x89c2598581890a45:0xf8d461ccea75907c,
Charlie Bird,,https://www.google.com/maps/place/Charlie+Bird/data=!4m2!3m1!1s0x89c2598d8541f67b:0xfa498b518300118,
Tapa Bucho,,https://www.google.com/maps/place/Tapa+Bucho/data=!4m2!3m1!1s0xd19338022ed34ed:0xf9c4c59ce9844da1,
Da Noi,,https://www.google.com/maps/place/Da+Noi/data=!4m2!3m1!1s0xd19359f71e7e5eb:0x15a6b6c79b6f073f,
Restaurante Federico,,https://www.google.com/maps/place/Restaurante+Federico/data=!4m2!3m1!1s0xd1935baffec944f:0x942872fa0fe172d2,
Café Príncipe Real Restaurante & Cocktail Bar,,https://www.google.com/maps/place/Caf%C3%A9+Pr%C3%ADncipe+Real+Restaurante+%26+Cocktail+Bar/data=!4m2!3m1!1s0xd19337f64f7c6a9:0x3663003e0dd5d25,
Silk Club,,https://www.google.com/maps/place/Silk+Club/data=!4m2!3m1!1s0xd19347f083271cf:0x905c18b6c1df86bd,
Bichomau,,https://www.google.com/maps/place/Bichomau/data=!4m2!3m1!1s0xd1933ab11f6a95b:0xab645bdd1b69cf9a,
Terroir,,https://www.google.com/maps/place/Terroir/data=!4m2!3m1!1s0xd1935ee791a1647:0xbd49f27b6894173d,
IXTA Cocina Mexicana + Mezcal Bar,,https://www.google.com/maps/place/IXTA+Cocina+Mexicana+%2B+Mezcal+Bar/data=!4m2!3m1!1s0x89c2599a1082b117:0x5175a001cc453de3,
Discreto,,https://www.google.com/maps/place/Discreto/data=!4m2!3m1!1s0xd1935ad1299097f:0x10043bb1350efb37,
Begula Club Café Restaurant,,https://www.google.com/maps/place/Begula+Club+Caf%C3%A9+Restaurant/data=!4m2!3m1!1s0x1347cbeb5179b6ed:0xb9519cac9e614924,
Fly,,https://www.google.com/maps/place/Fly/data=!4m2!3m1!1s0x1347cbeca7bd4f61:0xf4dc2d73ae9f0112,
Casa Mia Trattoria Pizzeria,,https://www.google.com/maps/place/Casa+Mia+Trattoria+Pizzeria/data=!4m2!3m1!1s0x1347cbeb50fcdb81:0x6132502484e2086e,
Leo's Braci d'Autore,,https://www.google.com/maps/place/Leo's+Braci+d'Autore/data=!4m2!3m1!1s0x1347cb0da4b2920b:0x1ec13517dd44dea0,
Specchia Sant'Oronzo,,https://www.google.com/maps/place/Specchia+Sant'Oronzo/data=!4m2!3m1!1s0x1347cbeba46e53f9:0x88fb1b5559cbc632,
Osteria Piga,,https://www.google.com/maps/place/Osteria+Piga/data=!4m2!3m1!1s0x1347cbec6f492449:0xc61d99c21b3908ad,
Restaurant Antiche Mura,,https://www.google.com/maps/place/Restaurant+Antiche+Mura/data=!4m2!3m1!1s0x1347cb94ace7ce0d:0xad7a459890a027bd,
Gusto Caruso,,https://www.google.com/maps/place/Gusto+Caruso/data=!4m2!3m1!1s0x1347cbeb4ec7e403:0xef821e32d85b1a13,
The Super Mago del Gelo Mario Campanella,,https://www.google.com/maps/place/The+Super+Mago+del+Gelo+Mario+Campanella/data=!4m2!3m1!1s0x1347cbeb508baf3f:0x775ad06d33524751,
La Focacceria Delle Noci Marco,,https://www.google.com/maps/place/La+Focacceria+Delle+Noci+Marco/data=!4m2!3m1!1s0x1347cbec9cbe32a7:0xa478289e903dc8db,
Trattoria Della Nonna,,https://www.google.com/maps/place/Trattoria+Della+Nonna/data=!4m2!3m1!1s0x1331a43043a73063:0x7e4c5902fb1b35f9,
L'Osteria di Chichibio,,https://www.google.com/maps/place/L'Osteria+di+Chichibio/data=!4m2!3m1!1s0x1347cbec8e86304f:0x3d9ee6273ebaf88a,
Ristorante Donna Gina,,https://www.google.com/maps/place/Ristorante+Donna+Gina/data=!4m2!3m1!1s0x1347cbde83b6f139:0xf35e922816a02e,
Le 2 Aquile,,https://www.google.com/maps/place/Le+2+Aquile/data=!4m2!3m1!1s0x1347e867c893728d:0x7444ac90bf7828ad,
Panificio Fiore,,https://www.google.com/maps/place/Panificio+Fiore/data=!4m2!3m1!1s0x1347e8637de5a949:0x7929404ac20a3f36,
Le Sgagliozze di Donna Carmela,,https://www.google.com/maps/place/Le+Sgagliozze+di+Donna+Carmela/data=!4m2!3m1!1s0x1347e8622a7ebaf9:0x3c3db9c1487127d6,
La Tana del Polpo,,https://www.google.com/maps/place/La+Tana+del+Polpo/data=!4m2!3m1!1s0x1347e866ab44cddb:0x8afebb1b74ab9c54,
Mastro Ciccio,,https://www.google.com/maps/place/Mastro+Ciccio/data=!4m2!3m1!1s0x1347e866b23659ef:0x9eb4a306afb7e7da,
A16,,https://www.google.com/maps/place/A16/data=!4m2!3m1!1s0x808580d439568613:0x25052d08a2414fb0,
Delarosa,,https://www.google.com/maps/place/Delarosa/data=!4m2!3m1!1s0x808580d6c3a09c5b:0xe1165ec97a6da48,
Flores,,https://www.google.com/maps/place/Flores/data=!4m2!3m1!1s0x808580dadfa6d403:0x5606db11fcdf833a,
La Taqueria,,https://www.google.com/maps/place/La+Taqueria/data=!4m2!3m1!1s0x808f7e46d50136ad:0x21fce96ce541e475,
Flour + Water,,https://www.google.com/maps/place/Flour+%2B+Water/data=!4m2!3m1!1s0x808f7e375e82560d:0x672c242d518603e0,
Poc-Chuc Restaurant,,https://www.google.com/maps/place/Poc-Chuc+Restaurant/data=!4m2!3m1!1s0x808f7e248c88a551:0x34ba5b6046107647,
Spruce,,https://www.google.com/maps/place/Spruce/data=!4m2!3m1!1s0x808587317bf94eff:0xb16d662a9194be31,
Californios,,https://www.google.com/maps/place/Californios/data=!4m2!3m1!1s0x808f7e38c2f4f021:0x752aa9a19541656d,
Otra,,https://www.google.com/maps/place/Otra/data=!4m2!3m1!1s0x808581aa536fd69f:0xffb85651cc7f0424,
Brenda's Meat & Three,,https://www.google.com/maps/place/Brenda's+Meat+%26+Three/data=!4m2!3m1!1s0x808580b107a79d05:0xaccddc21942615d4,
Aziza,,https://www.google.com/maps/place/Aziza/data=!4m2!3m1!1s0x8085870fe996e26f:0x71fc0fe3726ed9e0,
Breadbelly,,https://www.google.com/maps/place/Breadbelly/data=!4m2!3m1!1s0x80858796efe1a1d3:0x76cd03e55c99edad,
Good Luck Dim Sum,,https://www.google.com/maps/place/Good+Luck+Dim+Sum/data=!4m2!3m1!1s0x8085873db011605d:0x6c99e23f7154f2a5,
Mandalay Restaurant,,https://www.google.com/maps/place/Mandalay+Restaurant/data=!4m2!3m1!1s0x8085873c9a913065:0x788e4b120aaaa7d5,
b. patisserie,,https://www.google.com/maps/place/b.+patisserie/data=!4m2!3m1!1s0x808580c961a0d5e7:0xea755410f0b98bb,
Octavia,,https://www.google.com/maps/place/Octavia/data=!4m2!3m1!1s0x808580bf768c7db3:0xe3bc0ff2f5356266,
Boulevard,,https://www.google.com/maps/place/Boulevard/data=!4m2!3m1!1s0x808580644adbec17:0x34b391d08d9fe6bc,
House of Prime Rib,,https://www.google.com/maps/place/House+of+Prime+Rib/data=!4m2!3m1!1s0x808580ea69dcae83:0x3ef25abd292344d9,
Mister Jiu's,,https://www.google.com/maps/place/Mister+Jiu's/data=!4m2!3m1!1s0x8085808b60c910c9:0x5ad9c0ce21e403c8,
Kokkari Estiatorio,,https://www.google.com/maps/place/Kokkari+Estiatorio/data=!4m2!3m1!1s0x80858060747de94d:0xb3d399f14d2b6c40,
China Live,,https://www.google.com/maps/place/China+Live/data=!4m2!3m1!1s0x808580f3921752c7:0x47981c920350d730,
Sotto Mare,,https://www.google.com/maps/place/Sotto+Mare/data=!4m2!3m1!1s0x808580f15632f641:0xa45875806e285c25,
Lucca Delicatessen,,https://www.google.com/maps/place/Lucca+Delicatessen/data=!4m2!3m1!1s0x808580d6df0759d3:0xba0c3eb38b7b254,
Sushikuni,,https://www.google.com/maps/place/Sushikuni/data=!4m2!3m1!1s0x60188bc3797d1a45:0x6f656141e6198c77,
Mokus l'Écureuil,,https://www.google.com/maps/place/Mokus+l'%C3%89cureuil/data=!4m2!3m1!1s0x47e66ffb3e656695:0x9b1670d06193731e,
Belmiro Restaurante,,https://www.google.com/maps/place/Belmiro+Restaurante/data=!4m2!3m1!1s0xd19337257753785:0x59168247c654a79b,
Almazen café,,https://www.google.com/maps/place/Almazen+caf%C3%A9/data=!4m2!3m1!1s0xd126c1d1c79c4e9:0x486b8a0e7dbf0961,
Sobretablas Restaurante,,https://www.google.com/maps/place/Sobretablas+Restaurante/data=!4m2!3m1!1s0xd126ddbae426969:0x89511a5cc435d843,
Restaurante Ispal | Grupo La Raza,,https://www.google.com/maps/place/Restaurante+Ispal+%7C+Grupo+La+Raza/data=!4m2!3m1!1s0xd126c1a4a42edfd:0xf74dcd0954cf5836,
Blanca Paloma,,https://www.google.com/maps/place/Blanca+Paloma/data=!4m2!3m1!1s0xd126c6b3926aaab:0x7e3da16302d0db44,
Mercado de Triana,,https://www.google.com/maps/place/Mercado+de+Triana/data=!4m2!3m1!1s0xd126c135640dca9:0xf1535ee87e3290ba,
Freiduría Puerta de la Carne,,https://www.google.com/maps/place/Freidur%C3%ADa+Puerta+de+la+Carne/data=!4m2!3m1!1s0xd126c1e9ba86cb5:0xd72101be1535c991,
Bar Casa Morales,,https://www.google.com/maps/place/Bar+Casa+Morales/data=!4m2!3m1!1s0xd126c10a53dfd99:0x6a7e84e7fa090eaa,
Castizo tapas bar,,https://www.google.com/maps/place/Castizo+tapas+bar/data=!4m2!3m1!1s0xd126c1188369f8f:0xca85cd4267cdc805,
Doña Carmen,,https://www.google.com/maps/place/Do%C3%B1a+Carmen/data=!4m2!3m1!1s0xd126c113fffffff:0x82b780853445e3c0,
"Créeme Helado, Helado",,"https://www.google.com/maps/place/Cr%C3%A9eme+Helado,+Helado/data=!4m2!3m1!1s0xd126c0dd7e9bd2b:0xd1d21e54e33b47a7",
Virgin Coffee,,https://www.google.com/maps/place/Virgin+Coffee/data=!4m2!3m1!1s0xd126c05a843a557:0x93058fba5a70abe9,
Lama La Uva Al Sol,,https://www.google.com/maps/place/Lama+La+Uva+Al+Sol/data=!4m2!3m1!1s0xd126d5b9ad473ff:0xe3c1efb1ec3615c,
Yo soy tu Padre VERMOUTH,,https://www.google.com/maps/place/Yo+soy+tu+Padre+VERMOUTH/data=!4m2!3m1!1s0xd126c1274312f05:0xfe67f76a971ebc84,
Antigua Abacería de San Lorenzo,,https://www.google.com/maps/place/Antigua+Abacer%C3%ADa+de+San+Lorenzo/data=!4m2!3m1!1s0xd126c091444188d:0xd39e9093ee1b056,
La Cochera del Abuelo,,https://www.google.com/maps/place/La+Cochera+del+Abuelo/data=!4m2!3m1!1s0xd126c0832aa4d89:0xec8450b609bccb42,
Brilhante,,https://www.google.com/maps/place/Brilhante/data=!4m2!3m1!1s0xd19359899f7a293:0x57d5f0652d0881c7,
Praia no Parque,,https://www.google.com/maps/place/Praia+no+Parque/data=!4m2!3m1!1s0xd1933181f0482cd:0xc77c1e6614db1106,
Quinta das Bageiras - Mário Sérgio Alves Nuno,,https://www.google.com/maps/place/Quinta+das+Bageiras+-+M%C3%A1rio+S%C3%A9rgio+Alves+Nuno/data=!4m2!3m1!1s0xd23a7ca7eb08e25:0x1cc39c3c9547e2d5,
Adega Luís Pato,,https://www.google.com/maps/place/Adega+Lu%C3%ADs+Pato/data=!4m2!3m1!1s0xd23a88c915c2cb7:0x40016a818a32108e,
Rei dos Leitões,,https://www.google.com/maps/place/Rei+dos+Leit%C3%B5es/data=!4m2!3m1!1s0xd2300db2471a9db:0x125b7c191698f4f4,
Mugasa,,https://www.google.com/maps/place/Mugasa/data=!4m2!3m1!1s0xd23a80714de9347:0x3b0b8802e9753cb6,
Emily: West Village,,https://www.google.com/maps/place/Emily:+West+Village/data=!4m2!3m1!1s0x89c259928bcbe085:0x12f2b3aa186a89de,
Philippe Conticini,,https://www.google.com/maps/place/Philippe+Conticini/data=!4m2!3m1!1s0x48761b0bcbee6ac1:0xc6ad5c8aa2f7e986,
Le Deli Robuchon,,https://www.google.com/maps/place/Le+Deli+Robuchon/data=!4m2!3m1!1s0x4876052d22f076cb:0xa7a2a01932277716,
Richoux,,https://www.google.com/maps/place/Richoux/data=!4m2!3m1!1s0x487604d640a04ead:0xfa197fd5766453fe,
Pão da Esquina - Campo de Ourique,,https://www.google.com/maps/place/P%C3%A3o+da+Esquina+-+Campo+de+Ourique/data=!4m2!3m1!1s0xd19338eed4170e7:0x7283cf1bf948db33,
Camille - Marais,,https://www.google.com/maps/place/Camille+-+Marais/data=!4m2!3m1!1s0x47e66e023088c09b:0xc9fd12e8f33ce699,
Baieta,,https://www.google.com/maps/place/Baieta/data=!4m2!3m1!1s0x47e671e46228bfff:0xab60769f6632e0e1,
Pink Mamma,,https://www.google.com/maps/place/Pink+Mamma/data=!4m2!3m1!1s0x47e66e4f52148269:0xc26d9bf3451087c,
OKA,,https://www.google.com/maps/place/OKA/data=!4m2!3m1!1s0x47e671ebca55da2d:0x2be0c3f1e1d876ad,
Atelier Carnem,,https://www.google.com/maps/place/Atelier+Carnem/data=!4m2!3m1!1s0x47e671eed2407ae9:0x61a957417b8b8988,
Restaurante Cinco Jotas Sevilla,,https://www.google.com/maps/place/Restaurante+Cinco+Jotas+Sevilla/data=!4m2!3m1!1s0xd126c10d87290f1:0x71f55f6afc0809ce,
Win Son,,https://www.google.com/maps/place/Win+Son/data=!4m2!3m1!1s0x89c25bfc4ad8e6e3:0x4a3873012de5123e,
The Fox and Pheasant,,https://www.google.com/maps/place/The+Fox+and+Pheasant/data=!4m2!3m1!1s0x4876057d60e01771:0xabaef6e4fb8e9248,
Porte Noire Kings Cross,,https://www.google.com/maps/place/Porte+Noire+Kings+Cross/data=!4m2!3m1!1s0x48761b57b2e1e40d:0xb3c3c7a9041476dd,
Lore of the Land,,https://www.google.com/maps/place/Lore+of+the+Land/data=!4m2!3m1!1s0x48761b783c613277:0x9979279b7986df20,
The Grapes,,https://www.google.com/maps/place/The+Grapes/data=!4m2!3m1!1s0x487602ce13a495d3:0x6160b86e0773a41f,
Restaurante Azenhas do Mar,,https://www.google.com/maps/place/Restaurante+Azenhas+do+Mar/data=!4m2!3m1!1s0xd1edc0f1a96fdf3:0x5128656cdf1b6ebf,
Shukette,,https://www.google.com/maps/place/Shukette/data=!4m2!3m1!1s0x89c259a8a3d9a6b9:0xa91f343a1ae86384,
Joe Jr.,,https://www.google.com/maps/place/Joe+Jr./data=!4m2!3m1!1s0x89c2599f759a9091:0xc48959af56e611b9,
Sessions Arts Club,,https://www.google.com/maps/place/Sessions+Arts+Club/data=!4m2!3m1!1s0x48761b03660fcde5:0xb606de409a3692ee,
Smoking Goat Shoreditch,,https://www.google.com/maps/place/Smoking+Goat+Shoreditch/data=!4m2!3m1!1s0x48761cb0b7c1f40b:0x15c155bffa8b4986,
Firebird,,https://www.google.com/maps/place/Firebird/data=!4m2!3m1!1s0x48761b3d79fc3b5b:0x2b517b3f5f64160,
INKO NITO - Soho,,https://www.google.com/maps/place/INKO+NITO+-+Soho/data=!4m2!3m1!1s0x487604d4eeff2863:0x74344a9284ddd839,
Supawan Thai Food,,https://www.google.com/maps/place/Supawan+Thai+Food/data=!4m2!3m1!1s0x48761b3edfebb07b:0xdc44d12081e06652,
Berenjak Soho,,https://www.google.com/maps/place/Berenjak+Soho/data=!4m2!3m1!1s0x48760533134b669b:0xbc560d9169dcb066,
Fallow,,https://www.google.com/maps/place/Fallow/data=!4m2!3m1!1s0x487604d595786349:0x26d4df293937aa1a,
DUCKSOUP,,https://www.google.com/maps/place/DUCKSOUP/data=!4m2!3m1!1s0x487604d31e133b33:0x63e1f809f021c29d,
4 Charles Prime Rib,,https://www.google.com/maps/place/4+Charles+Prime+Rib/data=!4m2!3m1!1s0x89c259942a0eb0fb:0x157ade6f9c17ad32,
atera,,https://www.google.com/maps/place/atera/data=!4m2!3m1!1s0x89c25a2030eb8efd:0x6a2f64de98d169d2,
I Sodi,,https://www.google.com/maps/place/I+Sodi/data=!4m2!3m1!1s0x89c259936081692b:0x56383ad400283e21,
Jua,,https://www.google.com/maps/place/Jua/data=!4m2!3m1!1s0x89c2594f201b387d:0xdf648c6313c51875,
Misi,,https://www.google.com/maps/place/Misi/data=!4m2!3m1!1s0x89c259fa53acb4c3:0x75e745e94a922113,
Semma,,https://www.google.com/maps/place/Semma/data=!4m2!3m1!1s0x89c259b83bb399c5:0x85e1948bb3e567c7,
Dhamaka,,https://www.google.com/maps/place/Dhamaka/data=!4m2!3m1!1s0x89c259ed25db2327:0x376080ea1043c7bb,
Adda Indian Canteen,,https://www.google.com/maps/place/Adda+Indian+Canteen/data=!4m2!3m1!1s0x89c25ff7a5e3c723:0x2bb730fbe0c20890,
Los Tacos No. 1,,https://www.google.com/maps/place/Los+Tacos+No.+1/data=!4m2!3m1!1s0x89c2593a04e62653:0xbf92982681b06bd5,
Don Angie,,https://www.google.com/maps/place/Don+Angie/data=!4m2!3m1!1s0x89c25995f4b5107f:0xb7d70b00818a6b5f,
Al Pompiere Roma,,https://www.google.com/maps/place/Al+Pompiere+Roma/data=!4m2!3m1!1s0x132f60493e4e6b73:0x1e1c648a8daeb235,
I Fratellini,,https://www.google.com/maps/place/I+Fratellini/data=!4m2!3m1!1s0x132a540108be3ee9:0x41103d54dd63c379,
All’Antico Vinaio,,https://www.google.com/maps/place/All%E2%80%99Antico+Vinaio/data=!4m2!3m1!1s0x132a5400b0e2527b:0x5bc2ab159f2707f6,
PRIM,,https://www.google.com/maps/place/PRIM/data=!4m2!3m1!1s0xd1f273d0f69b33f:0xd8c5289909b5300f,
Torrisi Bar & Restaurant,,https://www.google.com/maps/place/Torrisi+Bar+%26+Restaurant/data=!4m2!3m1!1s0x89c259d645dfde59:0x53b10a7eb6b9bb86,
El Rinconcillo,,https://www.google.com/maps/place/El+Rinconcillo/data=!4m2!3m1!1s0xd126c03633fba39:0x30a2b4aa46bc6a20,
El Librero Tapas Y Quesos,,https://www.google.com/maps/place/El+Librero+Tapas+Y+Quesos/data=!4m2!3m1!1s0xd126c19647519b5:0x4e41d105d394e4bd,
Bodeguita Reyes Antonio Romero,,https://www.google.com/maps/place/Bodeguita+Reyes+Antonio+Romero/data=!4m2!3m1!1s0xd126e95184ebe19:0x7960d3f8ef5022c3,
Bar El Comercio,,https://www.google.com/maps/place/Bar+El+Comercio/data=!4m2!3m1!1s0xd126c1ac99bb79f:0xcca6878b6b5f67e2,
La Sede,,https://www.google.com/maps/place/La+Sede/data=!4m2!3m1!1s0xd126d191d6fd591:0xd1e504064e74de7b,
Bar Triana,,https://www.google.com/maps/place/Bar+Triana/data=!4m2!3m1!1s0xd126c6ce2e60129:0xdfc48e0993dc7403,
Bodeguita Romero,,https://www.google.com/maps/place/Bodeguita+Romero/data=!4m2!3m1!1s0xd126c10c246bed9:0xad6482e900a704e9,
Sumaya,,https://www.google.com/maps/place/Sumaya/data=!4m2!3m1!1s0xd1933f6091b99ff:0xaabeee88324080be,
Sofia's Place,,https://www.google.com/maps/place/Sofia's+Place/data=!4m2!3m1!1s0xd1934826dadd78d:0xc83806ca363d14ed,
Adega das Gravatas,,https://www.google.com/maps/place/Adega+das+Gravatas/data=!4m2!3m1!1s0xd1932d28de603db:0x5c5aa61e3e8f853f,
Saravanaa Bhavan,,https://www.google.com/maps/place/Saravanaa+Bhavan/data=!4m2!3m1!1s0x47c6099227952bf5:0xee1876fb56282510,
Natraj Tandoori Rato,,https://www.google.com/maps/place/Natraj+Tandoori+Rato/data=!4m2!3m1!1s0xd1933652783a4b5:0x4f1f050800063e01,
POTZALIA,,https://www.google.com/maps/place/POTZALIA/data=!4m2!3m1!1s0xd1949896736004b:0xf43b51c74507f8b3,
Melbourne elouera,,https://www.google.com/maps/place/Melbourne+elouera/data=!4m2!3m1!1s0xd19331b67ac7289:0x92333793495d9a53,
Trattoria Madonnina,,https://www.google.com/maps/place/Trattoria+Madonnina/data=!4m2!3m1!1s0x4786c40871376e89:0xfc261624870d6223,
Nebbia,,https://www.google.com/maps/place/Nebbia/data=!4m2!3m1!1s0x4786c5d9c9bc9a3f:0x1d53435e0318359a,
Piz,,https://www.google.com/maps/place/Piz/data=!4m2!3m1!1s0x4786c6ab76836fdd:0x16966d59fc5a5e6,
Ratanà,,https://www.google.com/maps/place/Ratan%C3%A0/data=!4m2!3m1!1s0x4786c6cd6523c353:0xa1af4c7346d2822a,
Dongiò,,https://www.google.com/maps/place/Dongi%C3%B2/data=!4m2!3m1!1s0x4786c42225f18d39:0xa82428599fa8da6,
Trattoria Cammillo,,https://www.google.com/maps/place/Trattoria+Cammillo/data=!4m2!3m1!1s0x132a51552d69132d:0x1112505ba63a871b,
Il Guscio,,https://www.google.com/maps/place/Il+Guscio/data=!4m2!3m1!1s0x132a5152ac7eac39:0x848ae27a83de702,
Gucci Osteria da Massimo Bottura,,https://www.google.com/maps/place/Gucci+Osteria+da+Massimo+Bottura/data=!4m2!3m1!1s0x132a5400dfa5685d:0x56f8c8a3dc20d908,
Gurdulù Gastronomia,,https://www.google.com/maps/place/Gurdul%C3%B9+Gastronomia/data=!4m2!3m1!1s0x132a515386f853d9:0x46e6b063fae06eb8,
Borgo S. Jacopo,,https://www.google.com/maps/place/Borgo+S.+Jacopo/data=!4m2!3m1!1s0x132a51554bb255eb:0x15bca270e1607113,
Cantinetta Antinori,,https://www.google.com/maps/place/Cantinetta+Antinori/data=!4m2!3m1!1s0x132a56a9f603c589:0xc1249edc1d758efd,
Il Santo Bevitore,,https://www.google.com/maps/place/Il+Santo+Bevitore/data=!4m2!3m1!1s0x132a56ab5714d359:0xd0183c03de161b3b,
Osteria dell'Enoteca,,https://www.google.com/maps/place/Osteria+dell'Enoteca/data=!4m2!3m1!1s0x132a5151656069b5:0x87b87cd7c8d1e488,
L'angolo del mare,,https://www.google.com/maps/place/L'angolo+del+mare/data=!4m2!3m1!1s0x132a547054a6c551:0x56129e31c9fc5089,
Essenziale,,https://www.google.com/maps/place/Essenziale/data=!4m2!3m1!1s0x132a56ad1bbfc103:0x66c4860f476b954d,
Regina Bistecca,,https://www.google.com/maps/place/Regina+Bistecca/data=!4m2!3m1!1s0x132a551b8648261f:0x4fd082a4747bf897,
Quattro Teste,,https://www.google.com/maps/place/Quattro+Teste/data=!4m2!3m1!1s0xd19354d4d6a3379:0x73b022a798b2dc3,
Tricky's,,https://www.google.com/maps/place/Tricky's/data=!4m2!3m1!1s0xd19353af088d677:0x2bc1d97cc7d01cd0,
Tasca Baldracca,,https://www.google.com/maps/place/Tasca+Baldracca/data=!4m2!3m1!1s0xd1935f22a0f8bad:0x930a1820c4af13a7,
SUD Lisboa,,https://www.google.com/maps/place/SUD+Lisboa/data=!4m2!3m1!1s0xd1ecb4d1d760bdd:0x9d71ed4eb359b112,
O Velho Eurico,,https://www.google.com/maps/place/O+Velho+Eurico/data=!4m2!3m1!1s0xd19347812f02635:0x858535ac0b899a25,
Ajitama Ramen Bistro - Alecrim,,https://www.google.com/maps/place/Ajitama+Ramen+Bistro+-+Alecrim/data=!4m2!3m1!1s0xd193573da4fb8d1:0xd008f14f71eca12b,
Ajitama Ramen Bistro,,https://www.google.com/maps/place/Ajitama+Ramen+Bistro/data=!4m2!3m1!1s0xd1933d95b86bf03:0xbf5d4b763c87d1ed,
Jacuzzi,,https://www.google.com/maps/place/Jacuzzi/data=!4m2!3m1!1s0x48760fe77ab0c8a5:0x86d809ba236bae5f,
Kuro Bakery,,https://www.google.com/maps/place/Kuro+Bakery/data=!4m2!3m1!1s0x48760f0961516801:0x33c25ab20a60aea1,
Little Bread Pedlar,,https://www.google.com/maps/place/Little+Bread+Pedlar/data=!4m2!3m1!1s0x4876058c8ea6e013:0x67fee1a9fe0fcf53,
Arôme Bakery - Covent Garden,,https://www.google.com/maps/place/Ar%C3%B4me+Bakery+-+Covent+Garden/data=!4m2!3m1!1s0x487605719f608ced:0xec1dc6070e8efe52,
Fortitude Bakehouse,,https://www.google.com/maps/place/Fortitude+Bakehouse/data=!4m2!3m1!1s0x48761b30d8071b57:0x40d437b0e50ed338,
Antica Pizzeria Di Matteo,,https://www.google.com/maps/place/Antica+Pizzeria+Di+Matteo/data=!4m2!3m1!1s0x133b0841ef6e38e5:0xece6ea09987e9baf,
A Valenciana,,https://www.google.com/maps/place/A+Valenciana/data=!4m2!3m1!1s0xd19336c06ba3241:0x2dc61f3a3a5fd1b3,
Casa de Asturias,,https://www.google.com/maps/place/Casa+de+Asturias/data=!4m2!3m1!1s0xd42262b866ba86b:0x9b3a155cf22dedb8,
Restaurante La Malaje,,https://www.google.com/maps/place/Restaurante+La+Malaje/data=!4m2!3m1!1s0xd4227d557ca78db:0xf88e10363a954d93,
ARAIA,,https://www.google.com/maps/place/ARAIA/data=!4m2!3m1!1s0xd422994534da9cb:0xf3b18da50d038c2f,
Marzeah Taberna,,https://www.google.com/maps/place/Marzeah+Taberna/data=!4m2!3m1!1s0xd4229857a1330c9:0x1229c6b6b3408945,
Bar Trafalgar,,https://www.google.com/maps/place/Bar+Trafalgar/data=!4m2!3m1!1s0xd422934d89cebb1:0xf698d03270b1d553,
Bichopalo Restaurante,,https://www.google.com/maps/place/Bichopalo+Restaurante/data=!4m2!3m1!1s0xd42295d138066f5:0x2e1efc083322ae47,
Comparte Bistró,,https://www.google.com/maps/place/Comparte+Bistr%C3%B3/data=!4m2!3m1!1s0xd42298a86d6129b:0xa94ededdf2a5ee8a,
Imprensa Cocktail and Oyster Bar,,https://www.google.com/maps/place/Imprensa+Cocktail+and+Oyster+Bar/data=!4m2!3m1!1s0xd19336521395645:0x65e9559a7d816c57,
Tatema Madrid,,https://www.google.com/maps/place/Tatema+Madrid/data=!4m2!3m1!1s0xd422783c85fc995:0xffa648c0d7b65097,
NuBel,,https://www.google.com/maps/place/NuBel/data=!4m2!3m1!1s0xd42262ec8d3896f:0x9cc042e41b28f4dc,
Lola Si Mola | Restaurante Mediterráneo,,https://www.google.com/maps/place/Lola+Si+Mola+%7C+Restaurante+Mediterr%C3%A1neo/data=!4m2!3m1!1s0xd4229a99b212c27:0xc4af59b9521e42e7,
Raoul's,,https://www.google.com/maps/place/Raoul's/data=!4m2!3m1!1s0x89c2598db62c4c05:0xed703546cbc36db1,
St Jardim,,https://www.google.com/maps/place/St+Jardim/data=!4m2!3m1!1s0x89c25940f3ee3e41:0x2606ecf41aeec2e4,
Black Press Coffee,,https://www.google.com/maps/place/Black+Press+Coffee/data=!4m2!3m1!1s0x89c2592f9909fc55:0x9185189d380a814e,
Parcelle,,https://www.google.com/maps/place/Parcelle/data=!4m2!3m1!1s0x89c2584cd6467523:0x26bd52590f092a10,
Roman's,,https://www.google.com/maps/place/Roman's/data=!4m2!3m1!1s0x89c25bb992127665:0x1cd0ee75efcf37a7,
Miss Ada,,https://www.google.com/maps/place/Miss+Ada/data=!4m2!3m1!1s0x89c25bb74b6438ab:0xf53e2bca1d9d60b4,
L'Industrie Pizzeria,,https://www.google.com/maps/place/L'Industrie+Pizzeria/data=!4m2!3m1!1s0x89c25be02249e843:0x95c3f90fbb6a4745,
Devoción,,https://www.google.com/maps/place/Devoci%C3%B3n/data=!4m2!3m1!1s0x89c259617ae5b78b:0xe919ce17bb09920e,
BUDDIES COFFEE,,https://www.google.com/maps/place/BUDDIES+COFFEE/data=!4m2!3m1!1s0x89c2590a111f6da3:0xbc7a62312612bb5b,
Dudley's,,https://www.google.com/maps/place/Dudley's/data=!4m2!3m1!1s0x89c25986d73d0b59:0x2ea830aa236e9e97,
Ristorante La Tavernaccia Da Bruno,,https://www.google.com/maps/place/Ristorante+La+Tavernaccia+Da+Bruno/data=!4m2!3m1!1s0x132f602693348fe5:0x5f29c2f11f9dbad,
SantoPalato,,https://www.google.com/maps/place/SantoPalato/data=!4m2!3m1!1s0x132f61ebcc495555:0xb3792b9ea2d29488,
Le Bon Georges,,https://www.google.com/maps/place/Le+Bon+Georges/data=!4m2!3m1!1s0x47e66e4798591ff1:0xebdac360e6d75e26,
Aux Prés Cyril Lignac,,https://www.google.com/maps/place/Aux+Pr%C3%A9s+Cyril+Lignac/data=!4m2!3m1!1s0x47e671d721f8e2c1:0x55530c4db04442d2,
Trattoria Mirta,,https://www.google.com/maps/place/Trattoria+Mirta/data=!4m2!3m1!1s0x4786c6fca59cbac7:0xdefbd8f467c73ec8,
Restaurante Ático,,https://www.google.com/maps/place/Restaurante+%C3%81tico/data=!4m2!3m1!1s0xd42288417f56ecf:0xac029c48cdd54307,
Restaurante Alabaster,,https://www.google.com/maps/place/Restaurante+Alabaster/data=!4m2!3m1!1s0xd42289c793b1ae3:0x60c7f313d54bea3f,
FAYER Madrid,,https://www.google.com/maps/place/FAYER+Madrid/data=!4m2!3m1!1s0xd4229bb40bab04f:0xe443aba278215a90,
DiverXO,,https://www.google.com/maps/place/DiverXO/data=!4m2!3m1!1s0xd422903801a427d:0x979c36aff4f18245,
Sylkar,,https://www.google.com/maps/place/Sylkar/data=!4m2!3m1!1s0xd4228f12ea998d3:0x57209dfe17de40b4,
Bodegas el Maño,,https://www.google.com/maps/place/Bodegas+el+Ma%C3%B1o/data=!4m2!3m1!1s0xd4229045a4851db:0x78ea78f85aacd99e,
Mo de Movimiento,,https://www.google.com/maps/place/Mo+de+Movimiento/data=!4m2!3m1!1s0xd422919d15d9323:0x2feaa5545f3b915b,
Angelita Madrid,,https://www.google.com/maps/place/Angelita+Madrid/data=!4m2!3m1!1s0xd422887020233b1:0x73f9d03c5fe29da,
El Rincón de Jaén I,,https://www.google.com/maps/place/El+Rinc%C3%B3n+de+Ja%C3%A9n+I/data=!4m2!3m1!1s0xd4228b0a7e245b1:0xdb79b993c7d01937,
Cruz Blanca de Vallecas,,https://www.google.com/maps/place/Cruz+Blanca+de+Vallecas/data=!4m2!3m1!1s0xd4226768993f3f9:0x26f8d53a5c7ddc01,
Corral de la Morería,,https://www.google.com/maps/place/Corral+de+la+Morer%C3%ADa/data=!4m2!3m1!1s0xd422877e09230a3:0x4a26a20ba3c67fad,
El Paraguas,,https://www.google.com/maps/place/El+Paraguas/data=!4m2!3m1!1s0xd4228977cd663b9:0x3797b8efa1683f87,
Roostiq,,https://www.google.com/maps/place/Roostiq/data=!4m2!3m1!1s0xd4229c14f80e5a7:0xe834dff29b305a5a,
La Tasquería,,https://www.google.com/maps/place/La+Tasquer%C3%ADa/data=!4m2!3m1!1s0xd4228a360f17913:0x89d396c73638e614,
Restaurante Casa Benigna,,https://www.google.com/maps/place/Restaurante+Casa+Benigna/data=!4m2!3m1!1s0xd4228da47f0e17d:0xbd87536527ff2a29,
Rocco,,https://www.google.com/maps/place/Rocco/data=!4m2!3m1!1s0xd19350ba8da715b:0x91127b4f8a748afa,
Heddon Street Kitchen,,https://www.google.com/maps/place/Heddon+Street+Kitchen/data=!4m2!3m1!1s0x487604d5c1e8e5d5:0x7d0bc76c231a6058,
Infame Lisboa,,https://www.google.com/maps/place/Infame+Lisboa/data=!4m2!3m1!1s0xd19338591f7d01f:0xf72171e080e2d028,
Black Sheep Lisboa,,https://www.google.com/maps/place/Black+Sheep+Lisboa/data=!4m2!3m1!1s0xd19332e1db97111:0xad97d1d578050fe5,
Senhor Uva,,https://www.google.com/maps/place/Senhor+Uva/data=!4m2!3m1!1s0xd1933657d8be5f1:0x6867e731be129e57,
Ruvida,,https://www.google.com/maps/place/Ruvida/data=!4m2!3m1!1s0xd193505e69f9bb3:0xd53b00a09a8b7bbc,
Confeitaria Nacional,,https://www.google.com/maps/place/Confeitaria+Nacional/data=!4m2!3m1!1s0xd1934789c7f87bd:0xcefed3286a39bde3,
Le Relais de la Butte,,https://www.google.com/maps/place/Le+Relais+de+la+Butte/data=!4m2!3m1!1s0x47e66e452468521b:0x949c7e375e4be7c9,
L'Atmosphère,,https://www.google.com/maps/place/L'Atmosph%C3%A8re/data=!4m2!3m1!1s0x47e66e0c9c405523:0xc84a7a9987101cef,
Le temps des cerises,,https://www.google.com/maps/place/Le+temps+des+cerises/data=!4m2!3m1!1s0x47e671ff1b11b759:0x5b48b28808176f02,
Le Flore en l'Île,,https://www.google.com/maps/place/Le+Flore+en+l'%C3%8Ele/data=!4m2!3m1!1s0x47e671e31197ae35:0x60f0e8e7cacdfe6c,
La Villa,,https://www.google.com/maps/place/La+Villa/data=!4m2!3m1!1s0xd19333cf7d9eac1:0xfa8075554fc1e67f,
L'Assiette,,https://www.google.com/maps/place/L'Assiette/data=!4m2!3m1!1s0x47e671b44f4ece91:0xf3c65a8210f41d27,
"L'Entente, Le British Brasserie",,"https://www.google.com/maps/place/L'Entente,+Le+British+Brasserie/data=!4m2!3m1!1s0x47e66e3a619c6dad:0x8bccbe44d0916826",
Le Petit Cler,,https://www.google.com/maps/place/Le+Petit+Cler/data=!4m2!3m1!1s0x47e66fdf0aa27d87:0x12f6cf7f40deccbf,
Auberge Bressane,,https://www.google.com/maps/place/Auberge+Bressane/data=!4m2!3m1!1s0x47e670279b7c6449:0x7dbeb213734a9340,
Chez Delphine,,https://www.google.com/maps/place/Chez+Delphine/data=!4m2!3m1!1s0x47e66e479b410ad9:0x83aa65f9020b3786,
La Fontaine de Mars,,https://www.google.com/maps/place/La+Fontaine+de+Mars/data=!4m2!3m1!1s0x47e66fdfa04fd0fd:0xb3ce715dc59860b7,
Bistrot Paul Bert,,https://www.google.com/maps/place/Bistrot+Paul+Bert/data=!4m2!3m1!1s0x47e673a699dd839d:0x34b6f05d50a54bf3,
PavYllon,,https://www.google.com/maps/place/PavYllon/data=!4m2!3m1!1s0x47e66ffbad15bd35:0xf879deb42a2de831,
Le Rigmarole,,https://www.google.com/maps/place/Le+Rigmarole/data=!4m2!3m1!1s0x47e66dfd379eaaab:0x7c2a6d46d351e04,
Racines,,https://www.google.com/maps/place/Racines/data=!4m2!3m1!1s0x47e66e3e9e6d1977:0x684688abf5c035f1,
Le Saint Sébastien,,https://www.google.com/maps/place/Le+Saint+S%C3%A9bastien/data=!4m2!3m1!1s0x47e66dcf5ea0e87d:0x7959dc37f4aa97b6,
Le Cadoret,,https://www.google.com/maps/place/Le+Cadoret/data=!4m2!3m1!1s0x47e66de8162d5d81:0x1a563eed8e7b936e,
Hélène Darroze,,https://www.google.com/maps/place/H%C3%A9l%C3%A8ne+Darroze/data=!4m2!3m1!1s0x47e671d120615af3:0x67683cfa4c23955b,
La Poule au Pot,,https://www.google.com/maps/place/La+Poule+au+Pot/data=!4m2!3m1!1s0x47e66e22233962d1:0x96a7087c5e59c4ce,
Les enfants du marché,,https://www.google.com/maps/place/Les+enfants+du+march%C3%A9/data=!4m2!3m1!1s0x47e66e0428083ca5:0x615a083f1436b252,
Arpège,,https://www.google.com/maps/place/Arp%C3%A8ge/data=!4m2!3m1!1s0x47e6702a1700ea43:0xee64dc33b34d3fd9,
Pierre Gagnaire,,https://www.google.com/maps/place/Pierre+Gagnaire/data=!4m2!3m1!1s0x47e66fea0dbecd9f:0x18d04f792b4b2b6e,
Le petit sommelier de Paris,,https://www.google.com/maps/place/Le+petit+sommelier+de+Paris/data=!4m2!3m1!1s0x47e671cb400ded2b:0x170ad07cc92e684f,
Auberge du Bonheur,,https://www.google.com/maps/place/Auberge+du+Bonheur/data=!4m2!3m1!1s0x47e66547af44b379:0x9baf2d4b0f64aa69,
Le Chalet des Iles,,https://www.google.com/maps/place/Le+Chalet+des+Iles/data=!4m2!3m1!1s0x47e6654ea1622979:0x351f983f2bed9b04,
Boutary,,https://www.google.com/maps/place/Boutary/data=!4m2!3m1!1s0x47e671d8c884c8dd:0x693328ac34355a3d,
Le Café Marly,,https://www.google.com/maps/place/Le+Caf%C3%A9+Marly/data=!4m2!3m1!1s0x47e66e25cfd38ac3:0xe914760dc56bb769,
Rue Mouffetard,,https://www.google.com/maps/place/Rue+Mouffetard/data=!4m2!3m1!1s0x47e671eeb7969999:0x8c6078b2fb634591,
Buddha-Bar,,https://www.google.com/maps/place/Buddha-Bar/data=!4m2!3m1!1s0x47e66fcd69352f45:0x9524d36406904a45,
Le Grand Colbert - Brasserie Parisienne,,https://www.google.com/maps/place/Le+Grand+Colbert+-+Brasserie+Parisienne/data=!4m2!3m1!1s0x47e66e3b5a9db2a5:0xf08fff6ce3ae3440,
Chez Paul,,https://www.google.com/maps/place/Chez+Paul/data=!4m2!3m1!1s0x47e67206fcebb753:0x4959392d30236800,
Restaurante Chiveve,,https://www.google.com/maps/place/Restaurante+Chiveve/data=!4m2!3m1!1s0xd19334c99ea1063:0x88a4ea5d245c6745,
Milkees,,https://www.google.com/maps/place/Milkees/data=!4m2!3m1!1s0xd1933ac5304df19:0x8d41f510ef2287dd,
"Hello, Kristof",,"https://www.google.com/maps/place/Hello,+Kristof/data=!4m2!3m1!1s0xd1934822b0f64b3:0x1a5b48838895077b",
Insaciável,,https://www.google.com/maps/place/Insaci%C3%A1vel/data=!4m2!3m1!1s0xd1935597a7da429:0xa68dfde2c94121cc,
Magnolia Bistrot & Winebar,,https://www.google.com/maps/place/Magnolia+Bistrot+%26+Winebar/data=!4m2!3m1!1s0xd1933aac7c04645:0x9c2f8ece51e17c3f,
Queijadas da Sapa,,https://www.google.com/maps/place/Queijadas+da+Sapa/data=!4m2!3m1!1s0xd1eda9543c2d735:0x81514e867d2252f6,
Café Saudade,,https://www.google.com/maps/place/Caf%C3%A9+Saudade/data=!4m2!3m1!1s0xd1eda9573928641:0x159041e281b9ed30,
Tacho Real,,https://www.google.com/maps/place/Tacho+Real/data=!4m2!3m1!1s0xd1edac010500a2b:0xe6b2353dcb4e19f6,
100 Tachos agora é COMO Restaurante,,https://www.google.com/maps/place/100+Tachos+agora+%C3%A9+COMO+Restaurante/data=!4m2!3m1!1s0xd1edbb088ce5447:0x68ac22b5958e464d,
Villa 6,,https://www.google.com/maps/place/Villa+6/data=!4m2!3m1!1s0xd1edbaba3aa3c63:0x1fea81a4eab32e53,
Sintra Terrace,,https://www.google.com/maps/place/Sintra+Terrace/data=!4m2!3m1!1s0xd1edac00e913ca7:0x99e5f7eeae5336a4,
Cantinho Gourmet,,https://www.google.com/maps/place/Cantinho+Gourmet/data=!4m2!3m1!1s0xd1edac0108f8d21:0xb630b5703027dfb3,
Casa Piriquita,,https://www.google.com/maps/place/Casa+Piriquita/data=!4m2!3m1!1s0xd1edac0197b469b:0xaa1c7d54bf379de2,
Panças,,https://www.google.com/maps/place/Pan%C3%A7as/data=!4m2!3m1!1s0xd1eccdaf709d6a1:0xf77f5af047532be7,
"Gourmet 32 Taormina Ristorante - Pranzo e cena, prodotti tipici di Taormina",,"https://www.google.com/maps/place/Gourmet+32+Taormina+Ristorante+-+Pranzo+e+cena,+prodotti+tipici+di+Taormina/data=!4m2!3m1!1s0x131411a210ebdb3b:0x99dd1facad6eac46",
Osteria Villa Zuccaro,,https://www.google.com/maps/place/Osteria+Villa+Zuccaro/data=!4m2!3m1!1s0x131411e898489a91:0xa41fd107b5a42d60,
Ristorante Al Giardino,,https://www.google.com/maps/place/Ristorante+Al+Giardino/data=!4m2!3m1!1s0x13141198a0a7a775:0xc2399b3ba4402906,
Ristorante Aranciara,,https://www.google.com/maps/place/Ristorante+Aranciara/data=!4m2!3m1!1s0x131411a2256767c3:0xd8e5dd473f6a2a7d,
Mezcaleria “La Cenaduría Nice”,,https://www.google.com/maps/place/Mezcaleria+%E2%80%9CLa+Cenadur%C3%ADa+Nice%E2%80%9D/data=!4m2!3m1!1s0xd1935417516b7c5:0xa9ff0207c3b8d3fd,
Corrupio,,https://www.google.com/maps/place/Corrupio/data=!4m2!3m1!1s0xd19350bbb06ea61:0xb4dc97b8748c7aff,
Nómada,,https://www.google.com/maps/place/N%C3%B3mada/data=!4m2!3m1!1s0xd19330a256c5755:0x820f565fbcfc3348,
Delfina-Cantina Portuguesa,,https://www.google.com/maps/place/Delfina-Cantina+Portuguesa/data=!4m2!3m1!1s0xd193479567ac66d:0x3eef4fe30fcc5385,
1300 Taberna,,https://www.google.com/maps/place/1300+Taberna/data=!4m2!3m1!1s0xd1934a58a6d08cf:0x8ab6e71803ee40,
Sky Bar Lisboa by Seen,,https://www.google.com/maps/place/Sky+Bar+Lisboa+by+Seen/data=!4m2!3m1!1s0xd1933785d15431b:0x4e9596941133af9c,
Park Rooftop,,https://www.google.com/maps/place/Park+Rooftop/data=!4m2!3m1!1s0xd193565e23a1a4d:0x77d7d673d624467c,
Topo Chiado,,https://www.google.com/maps/place/Topo+Chiado/data=!4m2!3m1!1s0xd193478b58e8367:0xf78f9a35a981e026,
Osteria Morini,,https://www.google.com/maps/place/Osteria+Morini/data=!4m2!3m1!1s0x89c259892794c82b:0x6025e28ed0fb2a81,
La Siesta,,https://www.google.com/maps/place/La+Siesta/data=!4m2!3m1!1s0xd1ecb79666c7b5f:0x465c22d648472187,
Chez Chouette,,https://www.google.com/maps/place/Chez+Chouette/data=!4m2!3m1!1s0xd193390e809a8c5:0x5fd8a78adc9efe45,
Cul De Sac,,https://www.google.com/maps/place/Cul+De+Sac/data=!4m2!3m1!1s0x132f60456498961f:0x8fe744a5b44a0882,
Melo,,https://www.google.com/maps/place/Melo/data=!4m2!3m1!1s0x132f61b2dd33092b:0xa33539886008009d,
Fiammetta,,https://www.google.com/maps/place/Fiammetta/data=!4m2!3m1!1s0x132f605a9c2ffa65:0xadb34568a967ede4,
Restaurante Pica-Pau,,https://www.google.com/maps/place/Restaurante+Pica-Pau/data=!4m2!3m1!1s0xd19331314744b61:0xe5aa1d152083f119,
Da Sergio,,https://www.google.com/maps/place/Da+Sergio/data=!4m2!3m1!1s0x132f604602ed8999:0xbb534bb66e1e3f0,
Curva,,https://www.google.com/maps/place/Curva/data=!4m2!3m1!1s0xd1933d7ad75c77f:0xdb993d9b8a0eea27,
Vino Vero,,https://www.google.com/maps/place/Vino+Vero/data=!4m2!3m1!1s0xd1933cb4388faeb:0xbb73e968ed16dbed,
Enoteca Corsi,,https://www.google.com/maps/place/Enoteca+Corsi/data=!4m2!3m1!1s0x132f605abfb7b1db:0x369f73d0c825f363,
Il Gabriello,,https://www.google.com/maps/place/Il+Gabriello/data=!4m2!3m1!1s0x132f6055b92dcbcf:0x8bdfe470e4662981,
Ristorante Camponeschi,,https://www.google.com/maps/place/Ristorante+Camponeschi/data=!4m2!3m1!1s0x132f6045e1723b11:0x7916ba23ef79f217,
Chiesa dei Santi Severino e Sossio,,https://www.google.com/maps/place/Chiesa+dei+Santi+Severino+e+Sossio/data=!4m2!3m1!1s0x133b084147a44173:0x78f9424ce1b382a8,
Pizzeria Da Attilio,,https://www.google.com/maps/place/Pizzeria+Da+Attilio/data=!4m2!3m1!1s0x133b085af8680a8d:0x4c05a57ef382344c,
Antico Forno delle sfogliatelle calde Attanasio,,https://www.google.com/maps/place/Antico+Forno+delle+sfogliatelle+calde+Attanasio/data=!4m2!3m1!1s0x133b081682111c13:0x6d5c9e4e46ecba20,
Piperno Restaurant,,https://www.google.com/maps/place/Piperno+Restaurant/data=!4m2!3m1!1s0x132f60491b091bcf:0xe95c77b4bc706a73,
BytheWine,,https://www.google.com/maps/place/BytheWine/data=!4m2!3m1!1s0xd19347e683782eb:0x160d79205d834c74,
O Faia,,https://www.google.com/maps/place/O+Faia/data=!4m2!3m1!1s0xd19347fea15d107:0xac8d7da6309e5b63,
Le Violon d'Ingres,,https://www.google.com/maps/place/Le+Violon+d'Ingres/data=!4m2!3m1!1s0x47e66fdf987b9ddd:0x5f5a4c6855bacce9,
Les Cocottes,,https://www.google.com/maps/place/Les+Cocottes/data=!4m2!3m1!1s0x47e66fdf98609253:0x9ba9899504fd773c,
Le Fumoir,,https://www.google.com/maps/place/Le+Fumoir/data=!4m2!3m1!1s0x47e66e216911c9c3:0x6689e3905fef1216,
Taberna da Esquina,,https://www.google.com/maps/place/Taberna+da+Esquina/data=!4m2!3m1!1s0xd1933bde4968303:0x149b302ffcb4a4be,
L'Antica Pizzeria da Michele,,https://www.google.com/maps/place/L'Antica+Pizzeria+da+Michele/data=!4m2!3m1!1s0x133b083f8db6b079:0x5ab2972d7365b642,
Il Convivio Troiani,,https://www.google.com/maps/place/Il+Convivio+Troiani/data=!4m2!3m1!1s0x132f6050f446a4f9:0xda0c363d006451b2,
Esquina da Fé,,https://www.google.com/maps/place/Esquina+da+F%C3%A9/data=!4m2!3m1!1s0xd19338249a77d81:0x495bbf32f8bd6adc,
Hostaria Costanza,,https://www.google.com/maps/place/Hostaria+Costanza/data=!4m2!3m1!1s0x132f604f6fc8fbe7:0xb6855fa915775a87,
La Pace del Palato,,https://www.google.com/maps/place/La+Pace+del+Palato/data=!4m2!3m1!1s0x132f60454f073a83:0x95616cc50f19cb31,
Tonnarello - Piazza della Scala -,,https://www.google.com/maps/place/Tonnarello+-+Piazza+della+Scala+-/data=!4m2!3m1!1s0x132f614645f820df:0x9cee4551a57ce5f8,
Trapizzino | Trastevere,,https://www.google.com/maps/place/Trapizzino+%7C+Trastevere/data=!4m2!3m1!1s0x132f6047a4202f85:0x764672d7a398ae61,
Ristorante Ad Hoc,,https://www.google.com/maps/place/Ristorante+Ad+Hoc/data=!4m2!3m1!1s0x132f6056d610a7bf:0x40fae6cbdcc1a134,
Cantina e Cucina,,https://www.google.com/maps/place/Cantina+e+Cucina/data=!4m2!3m1!1s0x132f604568d4a29f:0x536cf83571d46791,
Rione XIV Bistrot,,https://www.google.com/maps/place/Rione+XIV+Bistrot/data=!4m2!3m1!1s0x132f60676df93375:0x6094410df133e8ce,
Pane e Salame,,https://www.google.com/maps/place/Pane+e+Salame/data=!4m2!3m1!1s0x132f6052e32bf657:0xde60725cbaa29641,
Paco Bigotes,,https://www.google.com/maps/place/Paco+Bigotes/data=!4m2!3m1!1s0xd1ec5f391d6684b:0xe0262e304b3fc98b,
Casa Guedes Tradicional,,https://www.google.com/maps/place/Casa+Guedes+Tradicional/data=!4m2!3m1!1s0xd2464ef3e280ec1:0xd84ec805c9f68413,
Conga,,https://www.google.com/maps/place/Conga/data=!4m2!3m1!1s0xd2464e4b6f52711:0xd56072eafa3812df,
A Capoeira,,https://www.google.com/maps/place/A+Capoeira/data=!4m2!3m1!1s0xd246f9c79aefba7:0x4d780c5aeed52a1c,
Restaurante O Lusitano,,https://www.google.com/maps/place/Restaurante+O+Lusitano/data=!4m2!3m1!1s0xd246f2f8ac9c42f:0x5b179265983d4dad,
Ladurée,,https://www.google.com/maps/place/Ladur%C3%A9e/data=!4m2!3m1!1s0x47e671d810d8a48f:0xe4e094c53aa7aa52,
Les Deux Magots,,https://www.google.com/maps/place/Les+Deux+Magots/data=!4m2!3m1!1s0x47e671d82c25eb2d:0xfa3666d653524ab6,
"Mille & Un (Boulangerie, Pâtisserie, Salon de Thé)",,"https://www.google.com/maps/place/Mille+%26+Un+(Boulangerie,+P%C3%A2tisserie,+Salon+de+Th%C3%A9)/data=!4m2!3m1!1s0x47e67128b04b3809:0x6d81040e1ef3a903",
Porto das Barcas,,https://www.google.com/maps/place/Porto+das+Barcas/data=!4m2!3m1!1s0xd1ba17a4b337e0b:0x37ac051aa6c68c2,
Tasca do Celso,,https://www.google.com/maps/place/Tasca+do+Celso/data=!4m2!3m1!1s0xd1ba1707ac0e5bb:0xd65bd01669f1b515,
Emma pizzeria,,https://www.google.com/maps/place/Emma+pizzeria/data=!4m2!3m1!1s0x132f604f2897da89:0xeb683fbc8bb5fba0,
Pinsa e buoi dei...Parioli,,https://www.google.com/maps/place/Pinsa+e+buoi+dei...Parioli/data=!4m2!3m1!1s0x132f6133fec1cfcb:0xbe64d684da837f88,
Seu Pizza Illuminati,,https://www.google.com/maps/place/Seu+Pizza+Illuminati/data=!4m2!3m1!1s0x132f6024c87c23ed:0x6392e705e16761e9,
Café Restaurante GRUTA,,https://www.google.com/maps/place/Caf%C3%A9+Restaurante+GRUTA/data=!4m2!3m1!1s0xc605f2f39f8a1eb:0x7be38f77a4615c2b,
Quinta do Barbusano winery,,https://www.google.com/maps/place/Quinta+do+Barbusano+winery/data=!4m2!3m1!1s0xc60456780a42481:0x49977856b9a3fd45,
A Mar a Terra,,https://www.google.com/maps/place/A+Mar+a+Terra/data=!4m2!3m1!1s0xd1933fd3ca76cd1:0x67db18d70b6fb900,
Restaurante Do Forte,,https://www.google.com/maps/place/Restaurante+Do+Forte/data=!4m2!3m1!1s0xd1003778c1846e5:0x4a555736d42dbac0,
Pátio das Babosas,,https://www.google.com/maps/place/P%C3%A1tio+das+Babosas/data=!4m2!3m1!1s0xc606064a0ab0345:0xf9c24dbcb2cbeffa,
Barca Velha Wine Bar,,https://www.google.com/maps/place/Barca+Velha+Wine+Bar/data=!4m2!3m1!1s0xc6061ca946c4c17:0xc7441e1180a98ffb,
Avista Restaurant,,https://www.google.com/maps/place/Avista+Restaurant/data=!4m2!3m1!1s0xc605faed5fb3f11:0xb97c3463dac630,
Design Centre Nini Andrade Silva,,https://www.google.com/maps/place/Design+Centre+Nini+Andrade+Silva/data=!4m2!3m1!1s0xc605ffc2d11ca49:0x165c54986e18af94,
Kampo by Chef Julio Pereira,,https://www.google.com/maps/place/Kampo+by+Chef+Julio+Pereira/data=!4m2!3m1!1s0xc606168a1878fa5:0xde8592cbf094ad21,
Romanè,,https://www.google.com/maps/place/Roman%C3%A8/data=!4m2!3m1!1s0x132f61c956909d57:0xc45fecba9b264cc2,
Armando al Pantheon,,https://www.google.com/maps/place/Armando+al+Pantheon/data=!4m2!3m1!1s0x132f6051d8fd0673:0x91fde7e0e4de70fe,
AGORA,,https://www.google.com/maps/place/AGORA/data=!4m2!3m1!1s0xd1935e74f11abc5:0x7ef32941ec2ee9ac,
I Sofà Bar Restaurant & Roof Terrace,,https://www.google.com/maps/place/I+Sof%C3%A0+Bar+Restaurant+%26+Roof+Terrace/data=!4m2!3m1!1s0x132f60437b4d4917:0x77d442a817201c26,
Can Cisa/Bar Brutal,,https://www.google.com/maps/place/Can+Cisa%2FBar+Brutal/data=!4m2!3m1!1s0x12a4a2fea54b7875:0x6475cab8941d73cc,
Cañete,,https://www.google.com/maps/place/Ca%C3%B1ete/data=!4m2!3m1!1s0x12a4a258412bcb19:0x1c77b2f8f4cdfb63,
Maná 75,,https://www.google.com/maps/place/Man%C3%A1+75/data=!4m2!3m1!1s0x12a4a3b23989894f:0x646184cca5fdeed,
Lomo Alto,,https://www.google.com/maps/place/Lomo+Alto/data=!4m2!3m1!1s0x12a4a2ecfccd84e5:0x6a0d14da7e5fa7a,
Disfrutar,,https://www.google.com/maps/place/Disfrutar/data=!4m2!3m1!1s0x12a4a285bbc62c4d:0xcd8a70d67beb3993,
Go A Lisboa,,https://www.google.com/maps/place/Go+A+Lisboa/data=!4m2!3m1!1s0xd1935b281123a51:0x93823641d2d051c0,
Golfinho Azul,,https://www.google.com/maps/place/Golfinho+Azul/data=!4m2!3m1!1s0xd1f26856c9791df:0xd6434fcb7e0f0230,
O Batel,,https://www.google.com/maps/place/O+Batel/data=!4m2!3m1!1s0xd19530a348deacf:0x2ce97cafd9c3e62e,
BAHR & Terrace,,https://www.google.com/maps/place/BAHR+%26+Terrace/data=!4m2!3m1!1s0xd1935c9c9bb6e6b:0xaaecda47c67e289d,
Ofício,,https://www.google.com/maps/place/Of%C3%ADcio/data=!4m2!3m1!1s0xd19347f0ddd1401:0x349301046ed4d769,
Prado,,https://www.google.com/maps/place/Prado/data=!4m2!3m1!1s0xd193479d0c13959:0x3cdd26aa245a4fd3,
XXL by Olivier,,https://www.google.com/maps/place/XXL+by+Olivier/data=!4m2!3m1!1s0xd1935eb6b71e6f5:0xc9b19bfd45aefa28,
Neighbourhood Cafe Lisbon,,https://www.google.com/maps/place/Neighbourhood+Cafe+Lisbon/data=!4m2!3m1!1s0xd19355b1d862aaf:0x30298f261a8094a,
Wurst - Salsicharia Austríaca,,https://www.google.com/maps/place/Wurst+-+Salsicharia+Austr%C3%ADaca/data=!4m2!3m1!1s0xd19337da5711547:0x4765a65834af7024,
Jesus é Goês,,https://www.google.com/maps/place/Jesus+%C3%A9+Go%C3%AAs/data=!4m2!3m1!1s0xd1933817d72aa5b:0x306c4c4ddde322ab,
Marquise,,https://www.google.com/maps/place/Marquise/data=!4m2!3m1!1s0xd193382c35ba85b:0x1cbb80c889801ff3,
Taberna da Rua das Flores,,https://www.google.com/maps/place/Taberna+da+Rua+das+Flores/data=!4m2!3m1!1s0xd19347e4e168215:0xdd6d3add6ae908fd,
100 Maneiras,,https://www.google.com/maps/place/100+Maneiras/data=!4m2!3m1!1s0xd1933802518abe1:0xd689942b3958c75d,
Essencial,,https://www.google.com/maps/place/Essencial/data=!4m2!3m1!1s0xd193383d35e4b83:0x8cfa18fa81f71d3b,
Casa Di Peppe,,https://www.google.com/maps/place/Casa+Di+Peppe/data=!4m2!3m1!1s0x47e671e960f4ad3d:0x8df33ce1a883b001,
Cave La Bourgogne,,https://www.google.com/maps/place/Cave+La+Bourgogne/data=!4m2!3m1!1s0x47e671ec6f44e295:0xf3776004d12edf00,
The Smiths Bakery,,https://www.google.com/maps/place/The+Smiths+Bakery/data=!4m2!3m1!1s0x47e671d8dfc54c93:0x73ffac17431c7f06,
La Jacobine,,https://www.google.com/maps/place/La+Jacobine/data=!4m2!3m1!1s0x47e671ded4176171:0x274e05037fc4d75b,
Atelier Maître Albert,,https://www.google.com/maps/place/Atelier+Ma%C3%AEtre+Albert/data=!4m2!3m1!1s0x47e671e3f8683b95:0x59d674e160f4d5f5,
La Maison d’Isabelle,,https://www.google.com/maps/place/La+Maison+d%E2%80%99Isabelle/data=!4m2!3m1!1s0x47e6711b055ee0cf:0xc17f86f140cebff8,
Craveiral Farmtable by Alexandre Silva,,https://www.google.com/maps/place/Craveiral+Farmtable+by+Alexandre+Silva/data=!4m2!3m1!1s0xd1b115c6828a9bb:0x9fc6aade1554e95c,
Dallas Burger Joint,,https://www.google.com/maps/place/Dallas+Burger+Joint/data=!4m2!3m1!1s0xd19356259f3ca9b:0x2cf7a5145f18d4d6,
Taco Locoo,,https://www.google.com/maps/place/Taco+Locoo/data=!4m2!3m1!1s0xd1933cfec861185:0x40991cd7081e2596,
O bitoque,,https://www.google.com/maps/place/O+bitoque/data=!4m2!3m1!1s0xd19337cacb9e6f9:0x24924fcf4018a631,
As Bifanas do Afonso,,https://www.google.com/maps/place/As+Bifanas+do+Afonso/data=!4m2!3m1!1s0xd1934783723d1b7:0xd4f6b7b97e48195c,
Boi-Cavalo Restaurante,,https://www.google.com/maps/place/Boi-Cavalo+Restaurante/data=!4m2!3m1!1s0xd193585dff29cf5:0x7453046420d4d156,
Fumeiro de Santa Catarina,,https://www.google.com/maps/place/Fumeiro+de+Santa+Catarina/data=!4m2!3m1!1s0xd19348108347a4b:0x44b59407f17b94ce,
Taberna da Esperança,,https://www.google.com/maps/place/Taberna+da+Esperan%C3%A7a/data=!4m2!3m1!1s0xd1934836b690057:0xf00773765d2c27d7,
Petiscaria Ideal,,https://www.google.com/maps/place/Petiscaria+Ideal/data=!4m2!3m1!1s0xd1934836cc0f367:0xb67544b42355812a,
Tayybeh,,https://www.google.com/maps/place/Tayybeh/data=!4m2!3m1!1s0xd193194061ecdcb:0x11ac8732b6ec85ac,
Atira-te ao Rio,,https://www.google.com/maps/place/Atira-te+ao+Rio/data=!4m2!3m1!1s0xd1ecad6ef88dbb1:0x9655210f5a8ede3,
Kerala,,https://www.google.com/maps/place/Kerala/data=!4m2!3m1!1s0xd1933f6390a9f87:0xfd90d5c97f937cf9,
Taberna do Calhau,,https://www.google.com/maps/place/Taberna+do+Calhau/data=!4m2!3m1!1s0xd19339b0b17d82d:0xfc35467b1310686a,
A Taberna Do Mar,,https://www.google.com/maps/place/A+Taberna+Do+Mar/data=!4m2!3m1!1s0xd19335966548811:0xdff381a5869644f9,
CARNAL,,https://www.google.com/maps/place/CARNAL/data=!4m2!3m1!1s0xd1935a0469f6d5b:0xc454aea0180d5b72,
Kanazawa,,https://www.google.com/maps/place/Kanazawa/data=!4m2!3m1!1s0xd1ecb7afc8a5ab1:0x1da88550963f4b22,
Fiammetta,,https://www.google.com/maps/place/Fiammetta/data=!4m2!3m1!1s0xd193366c4a87f19:0xba69ef2646e1a367,
Taverna do 8 ó 80,,https://www.google.com/maps/place/Taverna+do+8+%C3%B3+80/data=!4m2!3m1!1s0xd18a9a48cf70705:0xbb35dd33635083b5,
Taberna d'Adelia,,https://www.google.com/maps/place/Taberna+d'Adelia/data=!4m2!3m1!1s0xd18a9bb0f0ca401:0x33fd1b0b9b29920f,
O Veleiro,,https://www.google.com/maps/place/O+Veleiro/data=!4m2!3m1!1s0xd18a9bbbf44a649:0x52af4dfd1abb4ee0,
Isco Padaria e Bistro,,https://www.google.com/maps/place/Isco+Padaria+e+Bistro/data=!4m2!3m1!1s0xd193392cd99b7d7:0x45da8a31691db27f,
Crouton,,https://www.google.com/maps/place/Crouton/data=!4m2!3m1!1s0xd19337b38ad361d:0x2d881ffbe2fdfef8,
Shakar,,https://www.google.com/maps/place/Shakar/data=!4m2!3m1!1s0xd1933fcb22ca5c9:0xccc8ab91b48cdc27,
In Bocca Al Lupo,,https://www.google.com/maps/place/In+Bocca+Al+Lupo/data=!4m2!3m1!1s0xd19337c34dafc25:0x226a8ea93ce315b8,
Lisboa é Linda,,https://www.google.com/maps/place/Lisboa+%C3%A9+Linda/data=!4m2!3m1!1s0xd19347dd1880c75:0x2d964f65832a83dd,
Leonetta,,https://www.google.com/maps/place/Leonetta/data=!4m2!3m1!1s0xd1933eeb6614bdb:0x97ed1ad71b49ec8d,
Estrela da Bica,,https://www.google.com/maps/place/Estrela+da+Bica/data=!4m2!3m1!1s0xd1934809a7073b9:0xcf8a419dc4d0d8a6,
Santelmo,,https://www.google.com/maps/place/Santelmo/data=!4m2!3m1!1s0xd193483b403fe75:0xa021932ea3629f8,
A Nossa Casa,,https://www.google.com/maps/place/A+Nossa+Casa/data=!4m2!3m1!1s0xd19353946e25371:0xc085f0ed901c4ee0,
Heim Cafe,,https://www.google.com/maps/place/Heim+Cafe/data=!4m2!3m1!1s0xd193483527ff2db:0x6e83c1d32370310c,
Java,,https://www.google.com/maps/place/Java/data=!4m2!3m1!1s0xd1935ec2756417f:0xe4d9c3821957d4bd,
Café Janis,,https://www.google.com/maps/place/Caf%C3%A9+Janis/data=!4m2!3m1!1s0xd193480cb12c5bd:0xca7504cb134f1942,
Estado d'Alma - Bistro & wine Bar. Garrafeira,,https://www.google.com/maps/place/Estado+d'Alma+-+Bistro+%26+wine+Bar.+Garrafeira/data=!4m2!3m1!1s0xd1934b27444e69d:0x2e4e4cf7a1307906,
O Recanto,,https://www.google.com/maps/place/O+Recanto/data=!4m2!3m1!1s0xd1ecb68346c4db5:0x5466465ed30c6bd0,
Ramiro,,https://www.google.com/maps/place/Ramiro/data=!4m2!3m1!1s0xd19338594951ef9:0x1d963dd88e75cc5f,
Mestrias Tasca Nova,,https://www.google.com/maps/place/Mestrias+Tasca+Nova/data=!4m2!3m1!1s0xd1ecb57452e7835:0x41c68a9e13b2bf78,
Taberna dos Ferreiros,,https://www.google.com/maps/place/Taberna+dos+Ferreiros/data=!4m2!3m1!1s0xd1ecb454ee066eb:0x97b9c4ca3b3fc075,
Terraço Editorial,,https://www.google.com/maps/place/Terra%C3%A7o+Editorial/data=!4m2!3m1!1s0xd1935e60e26acb5:0x54d4a6243a07a50a,
Breizh Café,,https://www.google.com/maps/place/Breizh+Caf%C3%A9/data=!4m2!3m1!1s0x47e66e0156712d97:0x26035d0c3486bba2,
OTRO restaurante,,https://www.google.com/maps/place/OTRO+restaurante/data=!4m2!3m1!1s0xd19339407fc5577:0x93efefff01fb4cbe,
Zenith,,https://www.google.com/maps/place/Zenith/data=!4m2!3m1!1s0xd193383ccee5dab:0x3e8c4ecce0469bc0,
Coyo Taco - Príncipe Real,,https://www.google.com/maps/place/Coyo+Taco+-+Pr%C3%ADncipe+Real/data=!4m2!3m1!1s0xd193340a02eaeed:0xeb2fad319929ea05,
Zé da Mouraria,,https://www.google.com/maps/place/Z%C3%A9+da+Mouraria/data=!4m2!3m1!1s0xd193387d41656d1:0x34e8db840cbc0c9,
Solar dos Presuntos,,https://www.google.com/maps/place/Solar+dos+Presuntos/data=!4m2!3m1!1s0xd193381666c0e9d:0x5f959276b47d8660,
Cantinho do Aziz,,https://www.google.com/maps/place/Cantinho+do+Aziz/data=!4m2!3m1!1s0xd193387f243df5d:0x8e0125021c745fcd,
SÁLA de João Sá,,https://www.google.com/maps/place/S%C3%81LA+de+Jo%C3%A3o+S%C3%A1/data=!4m2!3m1!1s0xd1935c5dd49cf9b:0xd06af119f42a3cda,
Grenache,,https://www.google.com/maps/place/Grenache/data=!4m2!3m1!1s0xd19353546031545:0xaa01141a0860cb31,
Tapisco Lisboa,,https://www.google.com/maps/place/Tapisco+Lisboa/data=!4m2!3m1!1s0xd19337f7203d12f:0x8183732b808e8c8a,
Jeronymo,,https://www.google.com/maps/place/Jeronymo/data=!4m2!3m1!1s0xd1933def706d8b5:0xbce133c12b5367e1,
Memoria,,https://www.google.com/maps/place/Memoria/data=!4m2!3m1!1s0xd193301228b9355:0x62e93e9bf614fc7,
A Brasileira,,https://www.google.com/maps/place/A+Brasileira/data=!4m2!3m1!1s0xd19347f1d2204e9:0xf48e931c21c49553,
Pateo - Bairro do Avillez,,https://www.google.com/maps/place/Pateo+-+Bairro+do+Avillez/data=!4m2!3m1!1s0xd19347f711a8215:0x65e222fdfb196116,
Bistro 100 Maneiras,,https://www.google.com/maps/place/Bistro+100+Maneiras/data=!4m2!3m1!1s0xd19347f9dd83849:0xa08c75fb2aa95665,
Manteigaria (Portuguese custard pies factory),,https://www.google.com/maps/place/Manteigaria+(Portuguese+custard+pies+factory)/data=!4m2!3m1!1s0xd19347fb4271673:0xe8af7b569be2615f,
Comida Independente,,https://www.google.com/maps/place/Comida+Independente/data=!4m2!3m1!1s0xd193483e88cd1db:0x49141159316d4bba,
Café de São Bento,,https://www.google.com/maps/place/Caf%C3%A9+de+S%C3%A3o+Bento/data=!4m2!3m1!1s0xd19337d90dd5e67:0x3fc0bfac99476d93,
Tasca da Esquina,,https://www.google.com/maps/place/Tasca+da+Esquina/data=!4m2!3m1!1s0xd1933613ffcae6d:0xc59f5bddb2fcbb33,
Coelho da Rocha,,https://www.google.com/maps/place/Coelho+da+Rocha/data=!4m2!3m1!1s0xd1933674c63649f:0x24e528cdf71c896,
ATTLA Restaurante,,https://www.google.com/maps/place/ATTLA+Restaurante/data=!4m2!3m1!1s0xd19355012cd9399:0x86a747978537f86f,
Landeau Chocolate,,https://www.google.com/maps/place/Landeau+Chocolate/data=!4m2!3m1!1s0xd19347e67fc9d91:0x452de65104a294fa,
Pastéis de Belém,,https://www.google.com/maps/place/Past%C3%A9is+de+Bel%C3%A9m/data=!4m2!3m1!1s0xd1ecb452efd715b:0xffeff6c6b46d9665,
Cura,,https://www.google.com/maps/place/Cura/data=!4m2!3m1!1s0xd19334b5fd06ba3:0xae639e53146e08e5,
Cantinho do Avillez,,https://www.google.com/maps/place/Cantinho+do+Avillez/data=!4m2!3m1!1s0xd19347e9a8dcaed:0x32364217956c389d,
Plano Restaurante,,https://www.google.com/maps/place/Plano+Restaurante/data=!4m2!3m1!1s0xd1933dcedaa69e5:0xffc272649e350102,
Casa Portuguesa do Pastel de Bacalhau,,https://www.google.com/maps/place/Casa+Portuguesa+do+Pastel+de+Bacalhau/data=!4m2!3m1!1s0xd193479086d31a9:0xeeef719acb292082,
Fábrica Coffee Roasters,,https://www.google.com/maps/place/F%C3%A1brica+Coffee+Roasters/data=!4m2!3m1!1s0xd1933813934d433:0x95972650bbc167fe,
WISH Concept Store,,https://www.google.com/maps/place/WISH+Concept+Store/data=!4m2!3m1!1s0xd1934af61dedbe5:0xe2653396e32d0720,
Bettina & Niccolo Corallo,,https://www.google.com/maps/place/Bettina+%26+Niccolo+Corallo/data=!4m2!3m1!1s0xd19337ecf28aa1b:0xc08b66bd2e7d06f8,
the mill,,https://www.google.com/maps/place/the+mill/data=!4m2!3m1!1s0xd1934822d5792c9:0x5a4a7dc9e12903c7,
Pabe,,https://www.google.com/maps/place/Pabe/data=!4m2!3m1!1s0xd19337744fcb359:0x1785af8a40bca487,
Bloomcoffeeroom - Specialty Coffee Spot,,https://www.google.com/maps/place/Bloomcoffeeroom+-+Specialty+Coffee+Spot/data=!4m2!3m1!1s0xd1933de49141ef7:0x7e316619a3eb3c65,
A Cevicheria,,https://www.google.com/maps/place/A+Cevicheria/data=!4m2!3m1!1s0xd19337f11d424cb:0x375e9213594734d,
31 d'Armada,,https://www.google.com/maps/place/31+d'Armada/data=!4m2!3m1!1s0xd193389e7444765:0x2caaa89b6a32df2e,
Loco,,https://www.google.com/maps/place/Loco/data=!4m2!3m1!1s0xd1933626c517b81:0x4debf0e79282b03c,
Fifty Seconds Martin Berasategui,,https://www.google.com/maps/place/Fifty+Seconds+Martin+Berasategui/data=!4m2!3m1!1s0xd19318aea1a548b:0x60ce4a0b738d165c,
Feitoria,,https://www.google.com/maps/place/Feitoria/data=!4m2!3m1!1s0xd1ecb4241ab7d87:0x898ca426c07c0192,
Epur,,https://www.google.com/maps/place/Epur/data=!4m2!3m1!1s0xd1935e550f51fe1:0xfbbc95ab19a008c2,
Eleven,,https://www.google.com/maps/place/Eleven/data=!4m2!3m1!1s0xd193372c47aaaf7:0x3da5cc50c61485b5,
Belcanto,,https://www.google.com/maps/place/Belcanto/data=!4m2!3m1!1s0xd19347ee7fb3821:0x8096056381d5425d,
Alma,,https://www.google.com/maps/place/Alma/data=!4m2!3m1!1s0xd19347edb83ac8f:0xaa0522bc46fb5d33,
John's of Bleecker St.,,https://www.google.com/maps/place/John's+of+Bleecker+St./data=!4m2!3m1!1s0x89c25993a1376eb9:0x41ca6e3a2f6d4e74,
Bleecker Street Pizza,,https://www.google.com/maps/place/Bleecker+Street+Pizza/data=!4m2!3m1!1s0x89c259939fca75ad:0xad63a7908a34c8ef,
Don Pepi Pizza,,https://www.google.com/maps/place/Don+Pepi+Pizza/data=!4m2!3m1!1s0x89c259ae5a3ea889:0x9458c45bbeb7bf17,
Joe's Pizza,,https://www.google.com/maps/place/Joe's+Pizza/data=!4m2!3m1!1s0x89c259924a960df1:0x43b20488619b3f43,
FIG & OLIVE,,https://www.google.com/maps/place/FIG+%26+OLIVE/data=!4m2!3m1!1s0x80c2beb1287ed495:0xb2226c2bdae5d82,
Cecconi's West Hollywood,,https://www.google.com/maps/place/Cecconi's+West+Hollywood/data=!4m2!3m1!1s0x80c2beaee4e024a1:0x275039a3789802b3,
Per Me - Giulio Terrinoni,,https://www.google.com/maps/place/Per+Me+-+Giulio+Terrinoni/data=!4m2!3m1!1s0x132f6044626b8759:0xdb74d2e5f82b5afe,
Supplizio,,https://www.google.com/maps/place/Supplizio/data=!4m2!3m1!1s0x132f60448a69ecd1:0x3774b4148f6d4429,
Pipero Roma,,https://www.google.com/maps/place/Pipero+Roma/data=!4m2!3m1!1s0x132f6044e64fffff:0x224a8c95174030f0,
Le Coucou,,https://www.google.com/maps/place/Le+Coucou/data=!4m2!3m1!1s0x89c25989f3630ecb:0xd048cf49523f429d,
Manhatta,,https://www.google.com/maps/place/Manhatta/data=!4m2!3m1!1s0x89c25bc797d635a1:0x60b055910436a0a4,
Aroma,,https://www.google.com/maps/place/Aroma/data=!4m2!3m1!1s0x132f61b905e51cfd:0x846abc88a96f50d7,
Primè - Ristorante Milano,,https://www.google.com/maps/place/Prim%C3%A8+-+Ristorante+Milano/data=!4m2!3m1!1s0x4786c1345e6ff43b:0x72a82c9bfaa7d044,
The Savoy,,https://www.google.com/maps/place/The+Savoy/data=!4m2!3m1!1s0x487604cbcfae5a4d:0x15f4effda4fbdc29,
Barrafina,,https://www.google.com/maps/place/Barrafina/data=!4m2!3m1!1s0x487604d2dc29e6a9:0xc52f51ca234cd897,
The Mansion Restaurant,,https://www.google.com/maps/place/The+Mansion+Restaurant/data=!4m2!3m1!1s0x864e9eccb42d8a13:0x7565971451ff3708,
Balthazar,,https://www.google.com/maps/place/Balthazar/data=!4m2!3m1!1s0x487604cba00414f5:0xb0431fec86d33eee,
Chotto Matte London,,https://www.google.com/maps/place/Chotto+Matte+London/data=!4m2!3m1!1s0x487604d2dd7517e3:0xea0a660a884e0e48,
SPQR,,https://www.google.com/maps/place/SPQR/data=!4m2!3m1!1s0x808580c792054409:0x9fc62e607af74aa6,
Rich Table,,https://www.google.com/maps/place/Rich+Table/data=!4m2!3m1!1s0x8085809f40b8fd87:0x7b5e765335d416ff,
